"Dosya_Adi","GitHub_Link","FTP_Yedek_Link"
"ayakkabi_modelistligi.pdf","https://raw.githubusercontent.com/atakummesem-web/ustalik_kalfalik_sinav_kriterleri/main/AYAKKABI%20VE%20SARAC%C4%B0YE%20TEKNOLOJ%C4%B0S%C4%B0/KALFALIK/ayakkabi_modelistligi.pdf","http://www.seninsiten.com/kriterler/AYAKKABI%20VE%20SARAC%C4%B0YE%20TEKNOLOJ%C4%B0S%C4%B0/KALFALIK/ayakkabi_modelistligi.pdf"
"ayakkabi_uretimi.pdf","https://raw.githubusercontent.com/atakummesem-web/ustalik_kalfalik_sinav_kriterleri/main/AYAKKABI%20VE%20SARAC%C4%B0YE%20TEKNOLOJ%C4%B0S%C4%B0/KALFALIK/ayakkabi_uretimi.pdf","http://www.seninsiten.com/kriterler/AYAKKABI%20VE%20SARAC%C4%B0YE%20TEKNOLOJ%C4%B0S%C4%B0/KALFALIK/ayakkabi_uretimi.pdf"
"saraciye_modelistligi.pdf","https://raw.githubusercontent.com/atakummesem-web/ustalik_kalfalik_sinav_kriterleri/main/AYAKKABI%20VE%20SARAC%C4%B0YE%20TEKNOLOJ%C4%B0S%C4%B0/KALFALIK/saraciye_modelistligi.pdf","http://www.seninsiten.com/kriterler/AYAKKABI%20VE%20SARAC%C4%B0YE%20TEKNOLOJ%C4%B0S%C4%B0/KALFALIK/saraciye_modelistligi.pdf"
"saraciye_uretimi.pdf","https://raw.githubusercontent.com/atakummesem-web/ustalik_kalfalik_sinav_kriterleri/main/AYAKKABI%20VE%20SARAC%C4%B0YE%20TEKNOLOJ%C4%B0S%C4%B0/KALFALIK/saraciye_uretimi.pdf","http://www.seninsiten.com/kriterler/AYAKKABI%20VE%20SARAC%C4%B0YE%20TEKNOLOJ%C4%B0S%C4%B0/KALFALIK/saraciye_uretimi.pdf"
"ayakkabi_modelistligi.pdf","https://raw.githubusercontent.com/atakummesem-web/ustalik_kalfalik_sinav_kriterleri/main/AYAKKABI%20VE%20SARAC%C4%B0YE%20TEKNOLOJ%C4%B0S%C4%B0/USTALIK/ayakkabi_modelistligi.pdf","http://www.seninsiten.com/kriterler/AYAKKABI%20VE%20SARAC%C4%B0YE%20TEKNOLOJ%C4%B0S%C4%B0/USTALIK/ayakkabi_modelistligi.pdf"
"ayakkabi_uretimi.pdf","https://raw.githubusercontent.com/atakummesem-web/ustalik_kalfalik_sinav_kriterleri/main/AYAKKABI%20VE%20SARAC%C4%B0YE%20TEKNOLOJ%C4%B0S%C4%B0/USTALIK/ayakkabi_uretimi.pdf","http://www.seninsiten.com/kriterler/AYAKKABI%20VE%20SARAC%C4%B0YE%20TEKNOLOJ%C4%B0S%C4%B0/USTALIK/ayakkabi_uretimi.pdf"
"saraciye_modelistligi.pdf","https://raw.githubusercontent.com/atakummesem-web/ustalik_kalfalik_sinav_kriterleri/main/AYAKKABI%20VE%20SARAC%C4%B0YE%20TEKNOLOJ%C4%B0S%C4%B0/USTALIK/saraciye_modelistligi.pdf","http://www.seninsiten.com/kriterler/AYAKKABI%20VE%20SARAC%C4%B0YE%20TEKNOLOJ%C4%B0S%C4%B0/USTALIK/saraciye_modelistligi.pdf"
"saraciye_uretimi.pdf","https://raw.githubusercontent.com/atakummesem-web/ustalik_kalfalik_sinav_kriterleri/main/AYAKKABI%20VE%20SARAC%C4%B0YE%20TEKNOLOJ%C4%B0S%C4%B0/USTALIK/saraciye_uretimi.pdf","http://www.seninsiten.com/kriterler/AYAKKABI%20VE%20SARAC%C4%B0YE%20TEKNOLOJ%C4%B0S%C4%B0/USTALIK/saraciye_uretimi.pdf"
"yonetici_sekreterligi.pdf","https://raw.githubusercontent.com/atakummesem-web/ustalik_kalfalik_sinav_kriterleri/main/B%C3%9CRO%20Y%C3%96NET%C4%B0M%C4%B0/KALFALIK/yonetici_sekreterligi.pdf","http://www.seninsiten.com/kriterler/B%C3%9CRO%20Y%C3%96NET%C4%B0M%C4%B0/KALFALIK/yonetici_sekreterligi.pdf"
"yonetici_sekreterligi.pdf","https://raw.githubusercontent.com/atakummesem-web/ustalik_kalfalik_sinav_kriterleri/main/B%C3%9CRO%20Y%C3%96NET%C4%B0M%C4%B0/USTALIK/yonetici_sekreterligi.pdf","http://www.seninsiten.com/kriterler/B%C3%9CRO%20Y%C3%96NET%C4%B0M%C4%B0/USTALIK/yonetici_sekreterligi.pdf"
"bilgisayar_teknik_servisi.pdf","https://raw.githubusercontent.com/atakummesem-web/ustalik_kalfalik_sinav_kriterleri/main/B%C4%B0L%C4%B0%C5%9E%C4%B0M%20TEKNOLOJ%C4%B0LER%C4%B0/KALFALIK/bilgisayar_teknik_servisi.pdf","http://www.seninsiten.com/kriterler/B%C4%B0L%C4%B0%C5%9E%C4%B0M%20TEKNOLOJ%C4%B0LER%C4%B0/KALFALIK/bilgisayar_teknik_servisi.pdf"
"bilgisayar_teknik_servisi.pdf","https://raw.githubusercontent.com/atakummesem-web/ustalik_kalfalik_sinav_kriterleri/main/B%C4%B0L%C4%B0%C5%9E%C4%B0M%20TEKNOLOJ%C4%B0LER%C4%B0/USTALIK/bilgisayar_teknik_servisi.pdf","http://www.seninsiten.com/kriterler/B%C4%B0L%C4%B0%C5%9E%C4%B0M%20TEKNOLOJ%C4%B0LER%C4%B0/USTALIK/bilgisayar_teknik_servisi.pdf"
"dekoratif_el_sanatlari.pdf","https://raw.githubusercontent.com/atakummesem-web/ustalik_kalfalik_sinav_kriterleri/main/EL%20SANATLARI%20TEKNOLOJ%C4%B0S%C4%B0/KALFALIK/dekoratif_el_sanatlari.pdf","http://www.seninsiten.com/kriterler/EL%20SANATLARI%20TEKNOLOJ%C4%B0S%C4%B0/KALFALIK/dekoratif_el_sanatlari.pdf"
"dekoratif_ev_tekstili.pdf","https://raw.githubusercontent.com/atakummesem-web/ustalik_kalfalik_sinav_kriterleri/main/EL%20SANATLARI%20TEKNOLOJ%C4%B0S%C4%B0/KALFALIK/dekoratif_ev_tekstili.pdf","http://www.seninsiten.com/kriterler/EL%20SANATLARI%20TEKNOLOJ%C4%B0S%C4%B0/KALFALIK/dekoratif_ev_tekstili.pdf"
"el_dokuma.pdf","https://raw.githubusercontent.com/atakummesem-web/ustalik_kalfalik_sinav_kriterleri/main/EL%20SANATLARI%20TEKNOLOJ%C4%B0S%C4%B0/KALFALIK/el_dokuma.pdf","http://www.seninsiten.com/kriterler/EL%20SANATLARI%20TEKNOLOJ%C4%B0S%C4%B0/KALFALIK/el_dokuma.pdf"
"el_ve_makine_nakisi.pdf","https://raw.githubusercontent.com/atakummesem-web/ustalik_kalfalik_sinav_kriterleri/main/EL%20SANATLARI%20TEKNOLOJ%C4%B0S%C4%B0/KALFALIK/el_ve_makine_nakisi.pdf","http://www.seninsiten.com/kriterler/EL%20SANATLARI%20TEKNOLOJ%C4%B0S%C4%B0/KALFALIK/el_ve_makine_nakisi.pdf"
"hali_desinatorlugu.pdf","https://raw.githubusercontent.com/atakummesem-web/ustalik_kalfalik_sinav_kriterleri/main/EL%20SANATLARI%20TEKNOLOJ%C4%B0S%C4%B0/KALFALIK/hali_desinatorlugu.pdf","http://www.seninsiten.com/kriterler/EL%20SANATLARI%20TEKNOLOJ%C4%B0S%C4%B0/KALFALIK/hali_desinatorlugu.pdf"
"sanayi_nakisi.pdf","https://raw.githubusercontent.com/atakummesem-web/ustalik_kalfalik_sinav_kriterleri/main/EL%20SANATLARI%20TEKNOLOJ%C4%B0S%C4%B0/KALFALIK/sanayi_nakisi.pdf","http://www.seninsiten.com/kriterler/EL%20SANATLARI%20TEKNOLOJ%C4%B0S%C4%B0/KALFALIK/sanayi_nakisi.pdf"
"dekoratif_el_sanatlari.pdf","https://raw.githubusercontent.com/atakummesem-web/ustalik_kalfalik_sinav_kriterleri/main/EL%20SANATLARI%20TEKNOLOJ%C4%B0S%C4%B0/USTALIK/dekoratif_el_sanatlari.pdf","http://www.seninsiten.com/kriterler/EL%20SANATLARI%20TEKNOLOJ%C4%B0S%C4%B0/USTALIK/dekoratif_el_sanatlari.pdf"
"dekoratif_ev_tekstili.pdf","https://raw.githubusercontent.com/atakummesem-web/ustalik_kalfalik_sinav_kriterleri/main/EL%20SANATLARI%20TEKNOLOJ%C4%B0S%C4%B0/USTALIK/dekoratif_ev_tekstili.pdf","http://www.seninsiten.com/kriterler/EL%20SANATLARI%20TEKNOLOJ%C4%B0S%C4%B0/USTALIK/dekoratif_ev_tekstili.pdf"
"el_dokuma.pdf","https://raw.githubusercontent.com/atakummesem-web/ustalik_kalfalik_sinav_kriterleri/main/EL%20SANATLARI%20TEKNOLOJ%C4%B0S%C4%B0/USTALIK/el_dokuma.pdf","http://www.seninsiten.com/kriterler/EL%20SANATLARI%20TEKNOLOJ%C4%B0S%C4%B0/USTALIK/el_dokuma.pdf"
"el_ve_makine_nakisi.pdf","https://raw.githubusercontent.com/atakummesem-web/ustalik_kalfalik_sinav_kriterleri/main/EL%20SANATLARI%20TEKNOLOJ%C4%B0S%C4%B0/USTALIK/el_ve_makine_nakisi.pdf","http://www.seninsiten.com/kriterler/EL%20SANATLARI%20TEKNOLOJ%C4%B0S%C4%B0/USTALIK/el_ve_makine_nakisi.pdf"
"hali_desinatorlugu.pdf","https://raw.githubusercontent.com/atakummesem-web/ustalik_kalfalik_sinav_kriterleri/main/EL%20SANATLARI%20TEKNOLOJ%C4%B0S%C4%B0/USTALIK/hali_desinatorlugu.pdf","http://www.seninsiten.com/kriterler/EL%20SANATLARI%20TEKNOLOJ%C4%B0S%C4%B0/USTALIK/hali_desinatorlugu.pdf"
"sanayi_nakisi.pdf","https://raw.githubusercontent.com/atakummesem-web/ustalik_kalfalik_sinav_kriterleri/main/EL%20SANATLARI%20TEKNOLOJ%C4%B0S%C4%B0/USTALIK/sanayi_nakisi.pdf","http://www.seninsiten.com/kriterler/EL%20SANATLARI%20TEKNOLOJ%C4%B0S%C4%B0/USTALIK/sanayi_nakisi.pdf"
"asansor_sistemleri.pdf","https://raw.githubusercontent.com/atakummesem-web/ustalik_kalfalik_sinav_kriterleri/main/ELEKTR%C4%B0K%20ELEKTRON%C4%B0K%20TEKNOLOJ%C4%B0S%C4%B0/Kalfal%C4%B1k/asansor_sistemleri.pdf","http://www.seninsiten.com/kriterler/ELEKTR%C4%B0K%20ELEKTRON%C4%B0K%20TEKNOLOJ%C4%B0S%C4%B0/Kalfal%C4%B1k/asansor_sistemleri.pdf"
"Bobinaj.pdf","https://raw.githubusercontent.com/atakummesem-web/ustalik_kalfalik_sinav_kriterleri/main/ELEKTR%C4%B0K%20ELEKTRON%C4%B0K%20TEKNOLOJ%C4%B0S%C4%B0/Kalfal%C4%B1k/Bobinaj.pdf","http://www.seninsiten.com/kriterler/ELEKTR%C4%B0K%20ELEKTRON%C4%B0K%20TEKNOLOJ%C4%B0S%C4%B0/Kalfal%C4%B1k/Bobinaj.pdf"
"buro_makineleri_teknik_servisi.pdf","https://raw.githubusercontent.com/atakummesem-web/ustalik_kalfalik_sinav_kriterleri/main/ELEKTR%C4%B0K%20ELEKTRON%C4%B0K%20TEKNOLOJ%C4%B0S%C4%B0/Kalfal%C4%B1k/buro_makineleri_teknik_servisi.pdf","http://www.seninsiten.com/kriterler/ELEKTR%C4%B0K%20ELEKTRON%C4%B0K%20TEKNOLOJ%C4%B0S%C4%B0/Kalfal%C4%B1k/buro_makineleri_teknik_servisi.pdf"
"elektrikli_ev_aletleri_teknik_servisi.pdf","https://raw.githubusercontent.com/atakummesem-web/ustalik_kalfalik_sinav_kriterleri/main/ELEKTR%C4%B0K%20ELEKTRON%C4%B0K%20TEKNOLOJ%C4%B0S%C4%B0/Kalfal%C4%B1k/elektrikli_ev_aletleri_teknik_servisi.pdf","http://www.seninsiten.com/kriterler/ELEKTR%C4%B0K%20ELEKTRON%C4%B0K%20TEKNOLOJ%C4%B0S%C4%B0/Kalfal%C4%B1k/elektrikli_ev_aletleri_teknik_servisi.pdf"
"elektrik_tesisat_pano_montorlugu.pdf","https://raw.githubusercontent.com/atakummesem-web/ustalik_kalfalik_sinav_kriterleri/main/ELEKTR%C4%B0K%20ELEKTRON%C4%B0K%20TEKNOLOJ%C4%B0S%C4%B0/Kalfal%C4%B1k/elektrik_tesisat_pano_montorlugu.pdf","http://www.seninsiten.com/kriterler/ELEKTR%C4%B0K%20ELEKTRON%C4%B0K%20TEKNOLOJ%C4%B0S%C4%B0/Kalfal%C4%B1k/elektrik_tesisat_pano_montorlugu.pdf"
"endustriyel_bakim_onarim.pdf","https://raw.githubusercontent.com/atakummesem-web/ustalik_kalfalik_sinav_kriterleri/main/ELEKTR%C4%B0K%20ELEKTRON%C4%B0K%20TEKNOLOJ%C4%B0S%C4%B0/Kalfal%C4%B1k/endustriyel_bakim_onarim.pdf","http://www.seninsiten.com/kriterler/ELEKTR%C4%B0K%20ELEKTRON%C4%B0K%20TEKNOLOJ%C4%B0S%C4%B0/Kalfal%C4%B1k/endustriyel_bakim_onarim.pdf"
"go_ru_ntu_ve_ses_sistemleri.pdf","https://raw.githubusercontent.com/atakummesem-web/ustalik_kalfalik_sinav_kriterleri/main/ELEKTR%C4%B0K%20ELEKTRON%C4%B0K%20TEKNOLOJ%C4%B0S%C4%B0/Kalfal%C4%B1k/go_ru_ntu_ve_ses_sistemleri.pdf","http://www.seninsiten.com/kriterler/ELEKTR%C4%B0K%20ELEKTRON%C4%B0K%20TEKNOLOJ%C4%B0S%C4%B0/Kalfal%C4%B1k/go_ru_ntu_ve_ses_sistemleri.pdf"
"guvenlik_sistemleri.pdf","https://raw.githubusercontent.com/atakummesem-web/ustalik_kalfalik_sinav_kriterleri/main/ELEKTR%C4%B0K%20ELEKTRON%C4%B0K%20TEKNOLOJ%C4%B0S%C4%B0/Kalfal%C4%B1k/guvenlik_sistemleri.pdf","http://www.seninsiten.com/kriterler/ELEKTR%C4%B0K%20ELEKTRON%C4%B0K%20TEKNOLOJ%C4%B0S%C4%B0/Kalfal%C4%B1k/guvenlik_sistemleri.pdf"
"haberlesme_sistemleri.pdf","https://raw.githubusercontent.com/atakummesem-web/ustalik_kalfalik_sinav_kriterleri/main/ELEKTR%C4%B0K%20ELEKTRON%C4%B0K%20TEKNOLOJ%C4%B0S%C4%B0/Kalfal%C4%B1k/haberlesme_sistemleri.pdf","http://www.seninsiten.com/kriterler/ELEKTR%C4%B0K%20ELEKTRON%C4%B0K%20TEKNOLOJ%C4%B0S%C4%B0/Kalfal%C4%B1k/haberlesme_sistemleri.pdf"
"yuksek_gerilim_sistemleri.pdf","https://raw.githubusercontent.com/atakummesem-web/ustalik_kalfalik_sinav_kriterleri/main/ELEKTR%C4%B0K%20ELEKTRON%C4%B0K%20TEKNOLOJ%C4%B0S%C4%B0/Kalfal%C4%B1k/yuksek_gerilim_sistemleri.pdf","http://www.seninsiten.com/kriterler/ELEKTR%C4%B0K%20ELEKTRON%C4%B0K%20TEKNOLOJ%C4%B0S%C4%B0/Kalfal%C4%B1k/yuksek_gerilim_sistemleri.pdf"
"asansor_sistemleri.pdf","https://raw.githubusercontent.com/atakummesem-web/ustalik_kalfalik_sinav_kriterleri/main/ELEKTR%C4%B0K%20ELEKTRON%C4%B0K%20TEKNOLOJ%C4%B0S%C4%B0/Ustal%C4%B1k/asansor_sistemleri.pdf","http://www.seninsiten.com/kriterler/ELEKTR%C4%B0K%20ELEKTRON%C4%B0K%20TEKNOLOJ%C4%B0S%C4%B0/Ustal%C4%B1k/asansor_sistemleri.pdf"
"Bobinaj.pdf","https://raw.githubusercontent.com/atakummesem-web/ustalik_kalfalik_sinav_kriterleri/main/ELEKTR%C4%B0K%20ELEKTRON%C4%B0K%20TEKNOLOJ%C4%B0S%C4%B0/Ustal%C4%B1k/Bobinaj.pdf","http://www.seninsiten.com/kriterler/ELEKTR%C4%B0K%20ELEKTRON%C4%B0K%20TEKNOLOJ%C4%B0S%C4%B0/Ustal%C4%B1k/Bobinaj.pdf"
"buro_makineleri_teknik_servisi.pdf","https://raw.githubusercontent.com/atakummesem-web/ustalik_kalfalik_sinav_kriterleri/main/ELEKTR%C4%B0K%20ELEKTRON%C4%B0K%20TEKNOLOJ%C4%B0S%C4%B0/Ustal%C4%B1k/buro_makineleri_teknik_servisi.pdf","http://www.seninsiten.com/kriterler/ELEKTR%C4%B0K%20ELEKTRON%C4%B0K%20TEKNOLOJ%C4%B0S%C4%B0/Ustal%C4%B1k/buro_makineleri_teknik_servisi.pdf"
"elektrikli_ev_aletleri_teknik_servisi.pdf","https://raw.githubusercontent.com/atakummesem-web/ustalik_kalfalik_sinav_kriterleri/main/ELEKTR%C4%B0K%20ELEKTRON%C4%B0K%20TEKNOLOJ%C4%B0S%C4%B0/Ustal%C4%B1k/elektrikli_ev_aletleri_teknik_servisi.pdf","http://www.seninsiten.com/kriterler/ELEKTR%C4%B0K%20ELEKTRON%C4%B0K%20TEKNOLOJ%C4%B0S%C4%B0/Ustal%C4%B1k/elektrikli_ev_aletleri_teknik_servisi.pdf"
"elektrik_tesisat_pano_montorlugu.pdf","https://raw.githubusercontent.com/atakummesem-web/ustalik_kalfalik_sinav_kriterleri/main/ELEKTR%C4%B0K%20ELEKTRON%C4%B0K%20TEKNOLOJ%C4%B0S%C4%B0/Ustal%C4%B1k/elektrik_tesisat_pano_montorlugu.pdf","http://www.seninsiten.com/kriterler/ELEKTR%C4%B0K%20ELEKTRON%C4%B0K%20TEKNOLOJ%C4%B0S%C4%B0/Ustal%C4%B1k/elektrik_tesisat_pano_montorlugu.pdf"
"endustriyel_bakim_onarim.pdf","https://raw.githubusercontent.com/atakummesem-web/ustalik_kalfalik_sinav_kriterleri/main/ELEKTR%C4%B0K%20ELEKTRON%C4%B0K%20TEKNOLOJ%C4%B0S%C4%B0/Ustal%C4%B1k/endustriyel_bakim_onarim.pdf","http://www.seninsiten.com/kriterler/ELEKTR%C4%B0K%20ELEKTRON%C4%B0K%20TEKNOLOJ%C4%B0S%C4%B0/Ustal%C4%B1k/endustriyel_bakim_onarim.pdf"
"go_ru_ntu_ve_ses_sistemleri.pdf","https://raw.githubusercontent.com/atakummesem-web/ustalik_kalfalik_sinav_kriterleri/main/ELEKTR%C4%B0K%20ELEKTRON%C4%B0K%20TEKNOLOJ%C4%B0S%C4%B0/Ustal%C4%B1k/go_ru_ntu_ve_ses_sistemleri.pdf","http://www.seninsiten.com/kriterler/ELEKTR%C4%B0K%20ELEKTRON%C4%B0K%20TEKNOLOJ%C4%B0S%C4%B0/Ustal%C4%B1k/go_ru_ntu_ve_ses_sistemleri.pdf"
"guvenlik_sistemleri.pdf","https://raw.githubusercontent.com/atakummesem-web/ustalik_kalfalik_sinav_kriterleri/main/ELEKTR%C4%B0K%20ELEKTRON%C4%B0K%20TEKNOLOJ%C4%B0S%C4%B0/Ustal%C4%B1k/guvenlik_sistemleri.pdf","http://www.seninsiten.com/kriterler/ELEKTR%C4%B0K%20ELEKTRON%C4%B0K%20TEKNOLOJ%C4%B0S%C4%B0/Ustal%C4%B1k/guvenlik_sistemleri.pdf"
"haberlesme_sistemleri.pdf","https://raw.githubusercontent.com/atakummesem-web/ustalik_kalfalik_sinav_kriterleri/main/ELEKTR%C4%B0K%20ELEKTRON%C4%B0K%20TEKNOLOJ%C4%B0S%C4%B0/Ustal%C4%B1k/haberlesme_sistemleri.pdf","http://www.seninsiten.com/kriterler/ELEKTR%C4%B0K%20ELEKTRON%C4%B0K%20TEKNOLOJ%C4%B0S%C4%B0/Ustal%C4%B1k/haberlesme_sistemleri.pdf"
"yuksek_gerilim_sistemleri.pdf","https://raw.githubusercontent.com/atakummesem-web/ustalik_kalfalik_sinav_kriterleri/main/ELEKTR%C4%B0K%20ELEKTRON%C4%B0K%20TEKNOLOJ%C4%B0S%C4%B0/Ustal%C4%B1k/yuksek_gerilim_sistemleri.pdf","http://www.seninsiten.com/kriterler/ELEKTR%C4%B0K%20ELEKTRON%C4%B0K%20TEKNOLOJ%C4%B0S%C4%B0/Ustal%C4%B1k/yuksek_gerilim_sistemleri.pdf"
"endustriyel_kontrol.pdf","https://raw.githubusercontent.com/atakummesem-web/ustalik_kalfalik_sinav_kriterleri/main/END%C3%9CSTR%C4%B0YEL%20OTOMASYON%20TEKNOLOJ%C4%B0LER%C4%B0/KALFALIK/endustriyel_kontrol.pdf","http://www.seninsiten.com/kriterler/END%C3%9CSTR%C4%B0YEL%20OTOMASYON%20TEKNOLOJ%C4%B0LER%C4%B0/KALFALIK/endustriyel_kontrol.pdf"
"endustriyel_kontrol.pdf","https://raw.githubusercontent.com/atakummesem-web/ustalik_kalfalik_sinav_kriterleri/main/END%C3%9CSTR%C4%B0YEL%20OTOMASYON%20TEKNOLOJ%C4%B0LER%C4%B0/USTALIK/endustriyel_kontrol.pdf","http://www.seninsiten.com/kriterler/END%C3%9CSTR%C4%B0YEL%20OTOMASYON%20TEKNOLOJ%C4%B0LER%C4%B0/USTALIK/endustriyel_kontrol.pdf"
"gemi_donatim.pdf","https://raw.githubusercontent.com/atakummesem-web/ustalik_kalfalik_sinav_kriterleri/main/GEM%C4%B0%20YAPIMI/KALFALIK/gemi_donatim.pdf","http://www.seninsiten.com/kriterler/GEM%C4%B0%20YAPIMI/KALFALIK/gemi_donatim.pdf"
"gemi_insa.pdf","https://raw.githubusercontent.com/atakummesem-web/ustalik_kalfalik_sinav_kriterleri/main/GEM%C4%B0%20YAPIMI/KALFALIK/gemi_insa.pdf","http://www.seninsiten.com/kriterler/GEM%C4%B0%20YAPIMI/KALFALIK/gemi_insa.pdf"
"kompozit_tekne_imalati.pdf","https://raw.githubusercontent.com/atakummesem-web/ustalik_kalfalik_sinav_kriterleri/main/GEM%C4%B0%20YAPIMI/KALFALIK/kompozit_tekne_imalati.pdf","http://www.seninsiten.com/kriterler/GEM%C4%B0%20YAPIMI/KALFALIK/kompozit_tekne_imalati.pdf"
"yat_insa.pdf","https://raw.githubusercontent.com/atakummesem-web/ustalik_kalfalik_sinav_kriterleri/main/GEM%C4%B0%20YAPIMI/KALFALIK/yat_insa.pdf","http://www.seninsiten.com/kriterler/GEM%C4%B0%20YAPIMI/KALFALIK/yat_insa.pdf"
"gemi_donatim.pdf","https://raw.githubusercontent.com/atakummesem-web/ustalik_kalfalik_sinav_kriterleri/main/GEM%C4%B0%20YAPIMI/USTALIK/gemi_donatim.pdf","http://www.seninsiten.com/kriterler/GEM%C4%B0%20YAPIMI/USTALIK/gemi_donatim.pdf"
"gemi_insa.pdf","https://raw.githubusercontent.com/atakummesem-web/ustalik_kalfalik_sinav_kriterleri/main/GEM%C4%B0%20YAPIMI/USTALIK/gemi_insa.pdf","http://www.seninsiten.com/kriterler/GEM%C4%B0%20YAPIMI/USTALIK/gemi_insa.pdf"
"kompozit_tekne_imalati.pdf","https://raw.githubusercontent.com/atakummesem-web/ustalik_kalfalik_sinav_kriterleri/main/GEM%C4%B0%20YAPIMI/USTALIK/kompozit_tekne_imalati.pdf","http://www.seninsiten.com/kriterler/GEM%C4%B0%20YAPIMI/USTALIK/kompozit_tekne_imalati.pdf"
"yat_insa.pdf","https://raw.githubusercontent.com/atakummesem-web/ustalik_kalfalik_sinav_kriterleri/main/GEM%C4%B0%20YAPIMI/USTALIK/yat_insa.pdf","http://www.seninsiten.com/kriterler/GEM%C4%B0%20YAPIMI/USTALIK/yat_insa.pdf"
"bitkisel_yag_uretimi.pdf","https://raw.githubusercontent.com/atakummesem-web/ustalik_kalfalik_sinav_kriterleri/main/GIDA%20TEKNOLOJ%C4%B0S%C4%B0/KALFALIK/bitkisel_yag_uretimi.pdf","http://www.seninsiten.com/kriterler/GIDA%20TEKNOLOJ%C4%B0S%C4%B0/KALFALIK/bitkisel_yag_uretimi.pdf"
"cay_isleme.pdf","https://raw.githubusercontent.com/atakummesem-web/ustalik_kalfalik_sinav_kriterleri/main/GIDA%20TEKNOLOJ%C4%B0S%C4%B0/KALFALIK/cay_isleme.pdf","http://www.seninsiten.com/kriterler/GIDA%20TEKNOLOJ%C4%B0S%C4%B0/KALFALIK/cay_isleme.pdf"
"cikolata_ve_sekerleme_uretimi.pdf","https://raw.githubusercontent.com/atakummesem-web/ustalik_kalfalik_sinav_kriterleri/main/GIDA%20TEKNOLOJ%C4%B0S%C4%B0/KALFALIK/cikolata_ve_sekerleme_uretimi.pdf","http://www.seninsiten.com/kriterler/GIDA%20TEKNOLOJ%C4%B0S%C4%B0/KALFALIK/cikolata_ve_sekerleme_uretimi.pdf"
"endustriyel_et_isleme.pdf","https://raw.githubusercontent.com/atakummesem-web/ustalik_kalfalik_sinav_kriterleri/main/GIDA%20TEKNOLOJ%C4%B0S%C4%B0/KALFALIK/endustriyel_et_isleme.pdf","http://www.seninsiten.com/kriterler/GIDA%20TEKNOLOJ%C4%B0S%C4%B0/KALFALIK/endustriyel_et_isleme.pdf"
"hububat_isleme.pdf","https://raw.githubusercontent.com/atakummesem-web/ustalik_kalfalik_sinav_kriterleri/main/GIDA%20TEKNOLOJ%C4%B0S%C4%B0/KALFALIK/hububat_isleme.pdf","http://www.seninsiten.com/kriterler/GIDA%20TEKNOLOJ%C4%B0S%C4%B0/KALFALIK/hububat_isleme.pdf"
"sebze_ve_meyve_isleme.pdf","https://raw.githubusercontent.com/atakummesem-web/ustalik_kalfalik_sinav_kriterleri/main/GIDA%20TEKNOLOJ%C4%B0S%C4%B0/KALFALIK/sebze_ve_meyve_isleme.pdf","http://www.seninsiten.com/kriterler/GIDA%20TEKNOLOJ%C4%B0S%C4%B0/KALFALIK/sebze_ve_meyve_isleme.pdf"
"sut_isleme.pdf","https://raw.githubusercontent.com/atakummesem-web/ustalik_kalfalik_sinav_kriterleri/main/GIDA%20TEKNOLOJ%C4%B0S%C4%B0/KALFALIK/sut_isleme.pdf","http://www.seninsiten.com/kriterler/GIDA%20TEKNOLOJ%C4%B0S%C4%B0/KALFALIK/sut_isleme.pdf"
"su_urunleri_isleme.pdf","https://raw.githubusercontent.com/atakummesem-web/ustalik_kalfalik_sinav_kriterleri/main/GIDA%20TEKNOLOJ%C4%B0S%C4%B0/KALFALIK/su_urunleri_isleme.pdf","http://www.seninsiten.com/kriterler/GIDA%20TEKNOLOJ%C4%B0S%C4%B0/KALFALIK/su_urunleri_isleme.pdf"
"zeytin_isleme.pdf","https://raw.githubusercontent.com/atakummesem-web/ustalik_kalfalik_sinav_kriterleri/main/GIDA%20TEKNOLOJ%C4%B0S%C4%B0/KALFALIK/zeytin_isleme.pdf","http://www.seninsiten.com/kriterler/GIDA%20TEKNOLOJ%C4%B0S%C4%B0/KALFALIK/zeytin_isleme.pdf"
"bitkisel_yag_uretim.pdf","https://raw.githubusercontent.com/atakummesem-web/ustalik_kalfalik_sinav_kriterleri/main/GIDA%20TEKNOLOJ%C4%B0S%C4%B0/USTALIK/bitkisel_yag_uretim.pdf","http://www.seninsiten.com/kriterler/GIDA%20TEKNOLOJ%C4%B0S%C4%B0/USTALIK/bitkisel_yag_uretim.pdf"
"cay_isleme.pdf","https://raw.githubusercontent.com/atakummesem-web/ustalik_kalfalik_sinav_kriterleri/main/GIDA%20TEKNOLOJ%C4%B0S%C4%B0/USTALIK/cay_isleme.pdf","http://www.seninsiten.com/kriterler/GIDA%20TEKNOLOJ%C4%B0S%C4%B0/USTALIK/cay_isleme.pdf"
"cikolata_ve_sekerleme_uretimi.pdf","https://raw.githubusercontent.com/atakummesem-web/ustalik_kalfalik_sinav_kriterleri/main/GIDA%20TEKNOLOJ%C4%B0S%C4%B0/USTALIK/cikolata_ve_sekerleme_uretimi.pdf","http://www.seninsiten.com/kriterler/GIDA%20TEKNOLOJ%C4%B0S%C4%B0/USTALIK/cikolata_ve_sekerleme_uretimi.pdf"
"endustriyel_et_isleme.pdf","https://raw.githubusercontent.com/atakummesem-web/ustalik_kalfalik_sinav_kriterleri/main/GIDA%20TEKNOLOJ%C4%B0S%C4%B0/USTALIK/endustriyel_et_isleme.pdf","http://www.seninsiten.com/kriterler/GIDA%20TEKNOLOJ%C4%B0S%C4%B0/USTALIK/endustriyel_et_isleme.pdf"
"hububat_isleme.pdf","https://raw.githubusercontent.com/atakummesem-web/ustalik_kalfalik_sinav_kriterleri/main/GIDA%20TEKNOLOJ%C4%B0S%C4%B0/USTALIK/hububat_isleme.pdf","http://www.seninsiten.com/kriterler/GIDA%20TEKNOLOJ%C4%B0S%C4%B0/USTALIK/hububat_isleme.pdf"
"sebze_ve_meyve_isleme.pdf","https://raw.githubusercontent.com/atakummesem-web/ustalik_kalfalik_sinav_kriterleri/main/GIDA%20TEKNOLOJ%C4%B0S%C4%B0/USTALIK/sebze_ve_meyve_isleme.pdf","http://www.seninsiten.com/kriterler/GIDA%20TEKNOLOJ%C4%B0S%C4%B0/USTALIK/sebze_ve_meyve_isleme.pdf"
"sut_isleme.pdf","https://raw.githubusercontent.com/atakummesem-web/ustalik_kalfalik_sinav_kriterleri/main/GIDA%20TEKNOLOJ%C4%B0S%C4%B0/USTALIK/sut_isleme.pdf","http://www.seninsiten.com/kriterler/GIDA%20TEKNOLOJ%C4%B0S%C4%B0/USTALIK/sut_isleme.pdf"
"su_urunleri_isleme.pdf","https://raw.githubusercontent.com/atakummesem-web/ustalik_kalfalik_sinav_kriterleri/main/GIDA%20TEKNOLOJ%C4%B0S%C4%B0/USTALIK/su_urunleri_isleme.pdf","http://www.seninsiten.com/kriterler/GIDA%20TEKNOLOJ%C4%B0S%C4%B0/USTALIK/su_urunleri_isleme.pdf"
"zeytin_isleme.pdf","https://raw.githubusercontent.com/atakummesem-web/ustalik_kalfalik_sinav_kriterleri/main/GIDA%20TEKNOLOJ%C4%B0S%C4%B0/USTALIK/zeytin_isleme.pdf","http://www.seninsiten.com/kriterler/GIDA%20TEKNOLOJ%C4%B0S%C4%B0/USTALIK/zeytin_isleme.pdf"
"fotograf.pdf","https://raw.githubusercontent.com/atakummesem-web/ustalik_kalfalik_sinav_kriterleri/main/GRAF%C4%B0K%20VE%20FOTO%C4%9ERAF/KALFALIK/fotograf.pdf","http://www.seninsiten.com/kriterler/GRAF%C4%B0K%20VE%20FOTO%C4%9ERAF/KALFALIK/fotograf.pdf"
"Grafik.pdf","https://raw.githubusercontent.com/atakummesem-web/ustalik_kalfalik_sinav_kriterleri/main/GRAF%C4%B0K%20VE%20FOTO%C4%9ERAF/KALFALIK/Grafik.pdf","http://www.seninsiten.com/kriterler/GRAF%C4%B0K%20VE%20FOTO%C4%9ERAF/KALFALIK/Grafik.pdf"
"fotograf.pdf","https://raw.githubusercontent.com/atakummesem-web/ustalik_kalfalik_sinav_kriterleri/main/GRAF%C4%B0K%20VE%20FOTO%C4%9ERAF/USTALIK/fotograf.pdf","http://www.seninsiten.com/kriterler/GRAF%C4%B0K%20VE%20FOTO%C4%9ERAF/USTALIK/fotograf.pdf"
"Grafik.pdf","https://raw.githubusercontent.com/atakummesem-web/ustalik_kalfalik_sinav_kriterleri/main/GRAF%C4%B0K%20VE%20FOTO%C4%9ERAF/USTALIK/Grafik.pdf","http://www.seninsiten.com/kriterler/GRAF%C4%B0K%20VE%20FOTO%C4%9ERAF/USTALIK/Grafik.pdf"
"cilt_bakimi_ve_makyaj.pdf","https://raw.githubusercontent.com/atakummesem-web/ustalik_kalfalik_sinav_kriterleri/main/G%C3%9CZELL%C4%B0K%20VE%20SA%C3%87%20BAKIM%20H%C4%B0ZMETLER%C4%B0/KALFALIK/cilt_bakimi_ve_makyaj.pdf","http://www.seninsiten.com/kriterler/G%C3%9CZELL%C4%B0K%20VE%20SA%C3%87%20BAKIM%20H%C4%B0ZMETLER%C4%B0/KALFALIK/cilt_bakimi_ve_makyaj.pdf"
"erkek_kuaforu.pdf","https://raw.githubusercontent.com/atakummesem-web/ustalik_kalfalik_sinav_kriterleri/main/G%C3%9CZELL%C4%B0K%20VE%20SA%C3%87%20BAKIM%20H%C4%B0ZMETLER%C4%B0/KALFALIK/erkek_kuaforu.pdf","http://www.seninsiten.com/kriterler/G%C3%9CZELL%C4%B0K%20VE%20SA%C3%87%20BAKIM%20H%C4%B0ZMETLER%C4%B0/KALFALIK/erkek_kuaforu.pdf"
"kadin_kuaforu.pdf","https://raw.githubusercontent.com/atakummesem-web/ustalik_kalfalik_sinav_kriterleri/main/G%C3%9CZELL%C4%B0K%20VE%20SA%C3%87%20BAKIM%20H%C4%B0ZMETLER%C4%B0/KALFALIK/kadin_kuaforu.pdf","http://www.seninsiten.com/kriterler/G%C3%9CZELL%C4%B0K%20VE%20SA%C3%87%20BAKIM%20H%C4%B0ZMETLER%C4%B0/KALFALIK/kadin_kuaforu.pdf"
"cilt_bakimi_ve_makyaj.pdf","https://raw.githubusercontent.com/atakummesem-web/ustalik_kalfalik_sinav_kriterleri/main/G%C3%9CZELL%C4%B0K%20VE%20SA%C3%87%20BAKIM%20H%C4%B0ZMETLER%C4%B0/USTALIK/cilt_bakimi_ve_makyaj.pdf","http://www.seninsiten.com/kriterler/G%C3%9CZELL%C4%B0K%20VE%20SA%C3%87%20BAKIM%20H%C4%B0ZMETLER%C4%B0/USTALIK/cilt_bakimi_ve_makyaj.pdf"
"erkek_kuaforu.pdf","https://raw.githubusercontent.com/atakummesem-web/ustalik_kalfalik_sinav_kriterleri/main/G%C3%9CZELL%C4%B0K%20VE%20SA%C3%87%20BAKIM%20H%C4%B0ZMETLER%C4%B0/USTALIK/erkek_kuaforu.pdf","http://www.seninsiten.com/kriterler/G%C3%9CZELL%C4%B0K%20VE%20SA%C3%87%20BAKIM%20H%C4%B0ZMETLER%C4%B0/USTALIK/erkek_kuaforu.pdf"
"kadin_kuaforu.pdf","https://raw.githubusercontent.com/atakummesem-web/ustalik_kalfalik_sinav_kriterleri/main/G%C3%9CZELL%C4%B0K%20VE%20SA%C3%87%20BAKIM%20H%C4%B0ZMETLER%C4%B0/USTALIK/kadin_kuaforu.pdf","http://www.seninsiten.com/kriterler/G%C3%9CZELL%C4%B0K%20VE%20SA%C3%87%20BAKIM%20H%C4%B0ZMETLER%C4%B0/USTALIK/kadin_kuaforu.pdf"
"harita_katastro.pdf","https://raw.githubusercontent.com/atakummesem-web/ustalik_kalfalik_sinav_kriterleri/main/HAR%C4%B0TA%20TAPU%20KADASTRO/KALFALIK/harita_katastro.pdf","http://www.seninsiten.com/kriterler/HAR%C4%B0TA%20TAPU%20KADASTRO/KALFALIK/harita_katastro.pdf"
"harita_kadastro.pdf","https://raw.githubusercontent.com/atakummesem-web/ustalik_kalfalik_sinav_kriterleri/main/HAR%C4%B0TA%20TAPU%20KADASTRO/USTALIK/harita_kadastro.pdf","http://www.seninsiten.com/kriterler/HAR%C4%B0TA%20TAPU%20KADASTRO/USTALIK/harita_kadastro.pdf"
"aricilik.pdf","https://raw.githubusercontent.com/atakummesem-web/ustalik_kalfalik_sinav_kriterleri/main/HAYVAN%20YET%C4%B0%C5%9ET%C4%B0R%C4%B0C%C4%B0L%C4%B0%C4%9E%C4%B0%20VE%20SA%C4%9ELI%C4%9EI/KALFALIK/aricilik.pdf","http://www.seninsiten.com/kriterler/HAYVAN%20YET%C4%B0%C5%9ET%C4%B0R%C4%B0C%C4%B0L%C4%B0%C4%9E%C4%B0%20VE%20SA%C4%9ELI%C4%9EI/KALFALIK/aricilik.pdf"
"buyukbas_hayvan_yetistiriciligi.pdf","https://raw.githubusercontent.com/atakummesem-web/ustalik_kalfalik_sinav_kriterleri/main/HAYVAN%20YET%C4%B0%C5%9ET%C4%B0R%C4%B0C%C4%B0L%C4%B0%C4%9E%C4%B0%20VE%20SA%C4%9ELI%C4%9EI/KALFALIK/buyukbas_hayvan_yetistiriciligi.pdf","http://www.seninsiten.com/kriterler/HAYVAN%20YET%C4%B0%C5%9ET%C4%B0R%C4%B0C%C4%B0L%C4%B0%C4%9E%C4%B0%20VE%20SA%C4%9ELI%C4%9EI/KALFALIK/buyukbas_hayvan_yetistiriciligi.pdf"
"evcil_hayvan_kuaforlugu.pdf","https://raw.githubusercontent.com/atakummesem-web/ustalik_kalfalik_sinav_kriterleri/main/HAYVAN%20YET%C4%B0%C5%9ET%C4%B0R%C4%B0C%C4%B0L%C4%B0%C4%9E%C4%B0%20VE%20SA%C4%9ELI%C4%9EI/KALFALIK/evcil_hayvan_kuaforlugu.pdf","http://www.seninsiten.com/kriterler/HAYVAN%20YET%C4%B0%C5%9ET%C4%B0R%C4%B0C%C4%B0L%C4%B0%C4%9E%C4%B0%20VE%20SA%C4%9ELI%C4%9EI/KALFALIK/evcil_hayvan_kuaforlugu.pdf"
"ev_ve_sus_hayvanlari.pdf","https://raw.githubusercontent.com/atakummesem-web/ustalik_kalfalik_sinav_kriterleri/main/HAYVAN%20YET%C4%B0%C5%9ET%C4%B0R%C4%B0C%C4%B0L%C4%B0%C4%9E%C4%B0%20VE%20SA%C4%9ELI%C4%9EI/KALFALIK/ev_ve_sus_hayvanlari.pdf","http://www.seninsiten.com/kriterler/HAYVAN%20YET%C4%B0%C5%9ET%C4%B0R%C4%B0C%C4%B0L%C4%B0%C4%9E%C4%B0%20VE%20SA%C4%9ELI%C4%9EI/KALFALIK/ev_ve_sus_hayvanlari.pdf"
"kanatli_hayvan_yetistiriciligi.pdf","https://raw.githubusercontent.com/atakummesem-web/ustalik_kalfalik_sinav_kriterleri/main/HAYVAN%20YET%C4%B0%C5%9ET%C4%B0R%C4%B0C%C4%B0L%C4%B0%C4%9E%C4%B0%20VE%20SA%C4%9ELI%C4%9EI/KALFALIK/kanatli_hayvan_yetistiriciligi.pdf","http://www.seninsiten.com/kriterler/HAYVAN%20YET%C4%B0%C5%9ET%C4%B0R%C4%B0C%C4%B0L%C4%B0%C4%9E%C4%B0%20VE%20SA%C4%9ELI%C4%9EI/KALFALIK/kanatli_hayvan_yetistiriciligi.pdf"
"kucukbas_hayvan_yetistiriciligi.pdf","https://raw.githubusercontent.com/atakummesem-web/ustalik_kalfalik_sinav_kriterleri/main/HAYVAN%20YET%C4%B0%C5%9ET%C4%B0R%C4%B0C%C4%B0L%C4%B0%C4%9E%C4%B0%20VE%20SA%C4%9ELI%C4%9EI/KALFALIK/kucukbas_hayvan_yetistiriciligi.pdf","http://www.seninsiten.com/kriterler/HAYVAN%20YET%C4%B0%C5%9ET%C4%B0R%C4%B0C%C4%B0L%C4%B0%C4%9E%C4%B0%20VE%20SA%C4%9ELI%C4%9EI/KALFALIK/kucukbas_hayvan_yetistiriciligi.pdf"
"aricilik.pdf","https://raw.githubusercontent.com/atakummesem-web/ustalik_kalfalik_sinav_kriterleri/main/HAYVAN%20YET%C4%B0%C5%9ET%C4%B0R%C4%B0C%C4%B0L%C4%B0%C4%9E%C4%B0%20VE%20SA%C4%9ELI%C4%9EI/USTALIK/aricilik.pdf","http://www.seninsiten.com/kriterler/HAYVAN%20YET%C4%B0%C5%9ET%C4%B0R%C4%B0C%C4%B0L%C4%B0%C4%9E%C4%B0%20VE%20SA%C4%9ELI%C4%9EI/USTALIK/aricilik.pdf"
"buyukbas_hayvan_yetistiriciligi.pdf","https://raw.githubusercontent.com/atakummesem-web/ustalik_kalfalik_sinav_kriterleri/main/HAYVAN%20YET%C4%B0%C5%9ET%C4%B0R%C4%B0C%C4%B0L%C4%B0%C4%9E%C4%B0%20VE%20SA%C4%9ELI%C4%9EI/USTALIK/buyukbas_hayvan_yetistiriciligi.pdf","http://www.seninsiten.com/kriterler/HAYVAN%20YET%C4%B0%C5%9ET%C4%B0R%C4%B0C%C4%B0L%C4%B0%C4%9E%C4%B0%20VE%20SA%C4%9ELI%C4%9EI/USTALIK/buyukbas_hayvan_yetistiriciligi.pdf"
"evcil_hayvan_kuaforlugu.pdf","https://raw.githubusercontent.com/atakummesem-web/ustalik_kalfalik_sinav_kriterleri/main/HAYVAN%20YET%C4%B0%C5%9ET%C4%B0R%C4%B0C%C4%B0L%C4%B0%C4%9E%C4%B0%20VE%20SA%C4%9ELI%C4%9EI/USTALIK/evcil_hayvan_kuaforlugu.pdf","http://www.seninsiten.com/kriterler/HAYVAN%20YET%C4%B0%C5%9ET%C4%B0R%C4%B0C%C4%B0L%C4%B0%C4%9E%C4%B0%20VE%20SA%C4%9ELI%C4%9EI/USTALIK/evcil_hayvan_kuaforlugu.pdf"
"ev_ve_sus_hayvanlari.pdf","https://raw.githubusercontent.com/atakummesem-web/ustalik_kalfalik_sinav_kriterleri/main/HAYVAN%20YET%C4%B0%C5%9ET%C4%B0R%C4%B0C%C4%B0L%C4%B0%C4%9E%C4%B0%20VE%20SA%C4%9ELI%C4%9EI/USTALIK/ev_ve_sus_hayvanlari.pdf","http://www.seninsiten.com/kriterler/HAYVAN%20YET%C4%B0%C5%9ET%C4%B0R%C4%B0C%C4%B0L%C4%B0%C4%9E%C4%B0%20VE%20SA%C4%9ELI%C4%9EI/USTALIK/ev_ve_sus_hayvanlari.pdf"
"kanatli_hayvan_yetistiriciligi.pdf","https://raw.githubusercontent.com/atakummesem-web/ustalik_kalfalik_sinav_kriterleri/main/HAYVAN%20YET%C4%B0%C5%9ET%C4%B0R%C4%B0C%C4%B0L%C4%B0%C4%9E%C4%B0%20VE%20SA%C4%9ELI%C4%9EI/USTALIK/kanatli_hayvan_yetistiriciligi.pdf","http://www.seninsiten.com/kriterler/HAYVAN%20YET%C4%B0%C5%9ET%C4%B0R%C4%B0C%C4%B0L%C4%B0%C4%9E%C4%B0%20VE%20SA%C4%9ELI%C4%9EI/USTALIK/kanatli_hayvan_yetistiriciligi.pdf"
"kucukbas_hayvan_yetistiriciligi.pdf","https://raw.githubusercontent.com/atakummesem-web/ustalik_kalfalik_sinav_kriterleri/main/HAYVAN%20YET%C4%B0%C5%9ET%C4%B0R%C4%B0C%C4%B0L%C4%B0%C4%9E%C4%B0%20VE%20SA%C4%9ELI%C4%9EI/USTALIK/kucukbas_hayvan_yetistiriciligi.pdf","http://www.seninsiten.com/kriterler/HAYVAN%20YET%C4%B0%C5%9ET%C4%B0R%C4%B0C%C4%B0L%C4%B0%C4%9E%C4%B0%20VE%20SA%C4%9ELI%C4%9EI/USTALIK/kucukbas_hayvan_yetistiriciligi.pdf"
"hali_temizleme_ve_bakim.pdf","https://raw.githubusercontent.com/atakummesem-web/ustalik_kalfalik_sinav_kriterleri/main/KONAKLAMA%20VE%20SEYAHAT%20H%C4%B0ZMETLER%C4%B0/KALFALIK/hali_temizleme_ve_bakim.pdf","http://www.seninsiten.com/kriterler/KONAKLAMA%20VE%20SEYAHAT%20H%C4%B0ZMETLER%C4%B0/KALFALIK/hali_temizleme_ve_bakim.pdf"
"kat_hizmetleri.pdf","https://raw.githubusercontent.com/atakummesem-web/ustalik_kalfalik_sinav_kriterleri/main/KONAKLAMA%20VE%20SEYAHAT%20H%C4%B0ZMETLER%C4%B0/KALFALIK/kat_hizmetleri.pdf","http://www.seninsiten.com/kriterler/KONAKLAMA%20VE%20SEYAHAT%20H%C4%B0ZMETLER%C4%B0/KALFALIK/kat_hizmetleri.pdf"
"kuru_temizleme.pdf","https://raw.githubusercontent.com/atakummesem-web/ustalik_kalfalik_sinav_kriterleri/main/KONAKLAMA%20VE%20SEYAHAT%20H%C4%B0ZMETLER%C4%B0/KALFALIK/kuru_temizleme.pdf","http://www.seninsiten.com/kriterler/KONAKLAMA%20VE%20SEYAHAT%20H%C4%B0ZMETLER%C4%B0/KALFALIK/kuru_temizleme.pdf"
"on_buro.pdf","https://raw.githubusercontent.com/atakummesem-web/ustalik_kalfalik_sinav_kriterleri/main/KONAKLAMA%20VE%20SEYAHAT%20H%C4%B0ZMETLER%C4%B0/KALFALIK/on_buro.pdf","http://www.seninsiten.com/kriterler/KONAKLAMA%20VE%20SEYAHAT%20H%C4%B0ZMETLER%C4%B0/KALFALIK/on_buro.pdf"
"Operasyon.pdf","https://raw.githubusercontent.com/atakummesem-web/ustalik_kalfalik_sinav_kriterleri/main/KONAKLAMA%20VE%20SEYAHAT%20H%C4%B0ZMETLER%C4%B0/KALFALIK/Operasyon.pdf","http://www.seninsiten.com/kriterler/KONAKLAMA%20VE%20SEYAHAT%20H%C4%B0ZMETLER%C4%B0/KALFALIK/Operasyon.pdf"
"Rezervasyon.pdf","https://raw.githubusercontent.com/atakummesem-web/ustalik_kalfalik_sinav_kriterleri/main/KONAKLAMA%20VE%20SEYAHAT%20H%C4%B0ZMETLER%C4%B0/KALFALIK/Rezervasyon.pdf","http://www.seninsiten.com/kriterler/KONAKLAMA%20VE%20SEYAHAT%20H%C4%B0ZMETLER%C4%B0/KALFALIK/Rezervasyon.pdf"
"hali_temizleme_ve_bakim.pdf","https://raw.githubusercontent.com/atakummesem-web/ustalik_kalfalik_sinav_kriterleri/main/KONAKLAMA%20VE%20SEYAHAT%20H%C4%B0ZMETLER%C4%B0/USTALIK/hali_temizleme_ve_bakim.pdf","http://www.seninsiten.com/kriterler/KONAKLAMA%20VE%20SEYAHAT%20H%C4%B0ZMETLER%C4%B0/USTALIK/hali_temizleme_ve_bakim.pdf"
"kat_hizmetleri.pdf","https://raw.githubusercontent.com/atakummesem-web/ustalik_kalfalik_sinav_kriterleri/main/KONAKLAMA%20VE%20SEYAHAT%20H%C4%B0ZMETLER%C4%B0/USTALIK/kat_hizmetleri.pdf","http://www.seninsiten.com/kriterler/KONAKLAMA%20VE%20SEYAHAT%20H%C4%B0ZMETLER%C4%B0/USTALIK/kat_hizmetleri.pdf"
"kuru_temizleme.pdf","https://raw.githubusercontent.com/atakummesem-web/ustalik_kalfalik_sinav_kriterleri/main/KONAKLAMA%20VE%20SEYAHAT%20H%C4%B0ZMETLER%C4%B0/USTALIK/kuru_temizleme.pdf","http://www.seninsiten.com/kriterler/KONAKLAMA%20VE%20SEYAHAT%20H%C4%B0ZMETLER%C4%B0/USTALIK/kuru_temizleme.pdf"
"on_buro.pdf","https://raw.githubusercontent.com/atakummesem-web/ustalik_kalfalik_sinav_kriterleri/main/KONAKLAMA%20VE%20SEYAHAT%20H%C4%B0ZMETLER%C4%B0/USTALIK/on_buro.pdf","http://www.seninsiten.com/kriterler/KONAKLAMA%20VE%20SEYAHAT%20H%C4%B0ZMETLER%C4%B0/USTALIK/on_buro.pdf"
"Operasyon.pdf","https://raw.githubusercontent.com/atakummesem-web/ustalik_kalfalik_sinav_kriterleri/main/KONAKLAMA%20VE%20SEYAHAT%20H%C4%B0ZMETLER%C4%B0/USTALIK/Operasyon.pdf","http://www.seninsiten.com/kriterler/KONAKLAMA%20VE%20SEYAHAT%20H%C4%B0ZMETLER%C4%B0/USTALIK/Operasyon.pdf"
"Rezervasyon.pdf","https://raw.githubusercontent.com/atakummesem-web/ustalik_kalfalik_sinav_kriterleri/main/KONAKLAMA%20VE%20SEYAHAT%20H%C4%B0ZMETLER%C4%B0/USTALIK/Rezervasyon.pdf","http://www.seninsiten.com/kriterler/KONAKLAMA%20VE%20SEYAHAT%20H%C4%B0ZMETLER%C4%B0/USTALIK/Rezervasyon.pdf"
"degerli_ve_yari_degerli_tas_islemeciligi.pdf","https://raw.githubusercontent.com/atakummesem-web/ustalik_kalfalik_sinav_kriterleri/main/KUYUMCULUK%20TEKNOLOJ%C4%B0S%C4%B0/KALFALIK/degerli_ve_yari_degerli_tas_islemeciligi.pdf","http://www.seninsiten.com/kriterler/KUYUMCULUK%20TEKNOLOJ%C4%B0S%C4%B0/KALFALIK/degerli_ve_yari_degerli_tas_islemeciligi.pdf"
"taki_imalati.pdf","https://raw.githubusercontent.com/atakummesem-web/ustalik_kalfalik_sinav_kriterleri/main/KUYUMCULUK%20TEKNOLOJ%C4%B0S%C4%B0/KALFALIK/taki_imalati.pdf","http://www.seninsiten.com/kriterler/KUYUMCULUK%20TEKNOLOJ%C4%B0S%C4%B0/KALFALIK/taki_imalati.pdf"
"vitrin_kuyumculugu.pdf","https://raw.githubusercontent.com/atakummesem-web/ustalik_kalfalik_sinav_kriterleri/main/KUYUMCULUK%20TEKNOLOJ%C4%B0S%C4%B0/KALFALIK/vitrin_kuyumculugu.pdf","http://www.seninsiten.com/kriterler/KUYUMCULUK%20TEKNOLOJ%C4%B0S%C4%B0/KALFALIK/vitrin_kuyumculugu.pdf"
"degerli_ve_yari_degerli_tas_islemeciligi.pdf","https://raw.githubusercontent.com/atakummesem-web/ustalik_kalfalik_sinav_kriterleri/main/KUYUMCULUK%20TEKNOLOJ%C4%B0S%C4%B0/USTALIK/degerli_ve_yari_degerli_tas_islemeciligi.pdf","http://www.seninsiten.com/kriterler/KUYUMCULUK%20TEKNOLOJ%C4%B0S%C4%B0/USTALIK/degerli_ve_yari_degerli_tas_islemeciligi.pdf"
"taki_imalati.pdf","https://raw.githubusercontent.com/atakummesem-web/ustalik_kalfalik_sinav_kriterleri/main/KUYUMCULUK%20TEKNOLOJ%C4%B0S%C4%B0/USTALIK/taki_imalati.pdf","http://www.seninsiten.com/kriterler/KUYUMCULUK%20TEKNOLOJ%C4%B0S%C4%B0/USTALIK/taki_imalati.pdf"
"vitrin_kuyumculugu.pdf","https://raw.githubusercontent.com/atakummesem-web/ustalik_kalfalik_sinav_kriterleri/main/KUYUMCULUK%20TEKNOLOJ%C4%B0S%C4%B0/USTALIK/vitrin_kuyumculugu.pdf","http://www.seninsiten.com/kriterler/KUYUMCULUK%20TEKNOLOJ%C4%B0S%C4%B0/USTALIK/vitrin_kuyumculugu.pdf"
"boya_u_retimi_ve_kontrolu.pdf","https://raw.githubusercontent.com/atakummesem-web/ustalik_kalfalik_sinav_kriterleri/main/K%C4%B0MYA%20TEKNOLOJ%C4%B0S%C4%B0/KALFALIK/boya_u_retimi_ve_kontrolu.pdf","http://www.seninsiten.com/kriterler/K%C4%B0MYA%20TEKNOLOJ%C4%B0S%C4%B0/KALFALIK/boya_u_retimi_ve_kontrolu.pdf"
"cimento_ve_yapi_kimyasallari_uretimi.pdf","https://raw.githubusercontent.com/atakummesem-web/ustalik_kalfalik_sinav_kriterleri/main/K%C4%B0MYA%20TEKNOLOJ%C4%B0S%C4%B0/KALFALIK/cimento_ve_yapi_kimyasallari_uretimi.pdf","http://www.seninsiten.com/kriterler/K%C4%B0MYA%20TEKNOLOJ%C4%B0S%C4%B0/KALFALIK/cimento_ve_yapi_kimyasallari_uretimi.pdf"
"deri_isleme.pdf","https://raw.githubusercontent.com/atakummesem-web/ustalik_kalfalik_sinav_kriterleri/main/K%C4%B0MYA%20TEKNOLOJ%C4%B0S%C4%B0/KALFALIK/deri_isleme.pdf","http://www.seninsiten.com/kriterler/K%C4%B0MYA%20TEKNOLOJ%C4%B0S%C4%B0/KALFALIK/deri_isleme.pdf"
"kagit_uretimi.pdf","https://raw.githubusercontent.com/atakummesem-web/ustalik_kalfalik_sinav_kriterleri/main/K%C4%B0MYA%20TEKNOLOJ%C4%B0S%C4%B0/KALFALIK/kagit_uretimi.pdf","http://www.seninsiten.com/kriterler/K%C4%B0MYA%20TEKNOLOJ%C4%B0S%C4%B0/KALFALIK/kagit_uretimi.pdf"
"temizlik_kozmetik_ve_parfumeri_urunleri_uretimi.pdf","https://raw.githubusercontent.com/atakummesem-web/ustalik_kalfalik_sinav_kriterleri/main/K%C4%B0MYA%20TEKNOLOJ%C4%B0S%C4%B0/KALFALIK/temizlik_kozmetik_ve_parfumeri_urunleri_uretimi.pdf","http://www.seninsiten.com/kriterler/K%C4%B0MYA%20TEKNOLOJ%C4%B0S%C4%B0/KALFALIK/temizlik_kozmetik_ve_parfumeri_urunleri_uretimi.pdf"
"boya_u_retimi_ve_kontrolu.pdf","https://raw.githubusercontent.com/atakummesem-web/ustalik_kalfalik_sinav_kriterleri/main/K%C4%B0MYA%20TEKNOLOJ%C4%B0S%C4%B0/USTALIK/boya_u_retimi_ve_kontrolu.pdf","http://www.seninsiten.com/kriterler/K%C4%B0MYA%20TEKNOLOJ%C4%B0S%C4%B0/USTALIK/boya_u_retimi_ve_kontrolu.pdf"
"cimento_ve_yapi_kimyasallari_uretimi.pdf","https://raw.githubusercontent.com/atakummesem-web/ustalik_kalfalik_sinav_kriterleri/main/K%C4%B0MYA%20TEKNOLOJ%C4%B0S%C4%B0/USTALIK/cimento_ve_yapi_kimyasallari_uretimi.pdf","http://www.seninsiten.com/kriterler/K%C4%B0MYA%20TEKNOLOJ%C4%B0S%C4%B0/USTALIK/cimento_ve_yapi_kimyasallari_uretimi.pdf"
"deri_isleme.pdf","https://raw.githubusercontent.com/atakummesem-web/ustalik_kalfalik_sinav_kriterleri/main/K%C4%B0MYA%20TEKNOLOJ%C4%B0S%C4%B0/USTALIK/deri_isleme.pdf","http://www.seninsiten.com/kriterler/K%C4%B0MYA%20TEKNOLOJ%C4%B0S%C4%B0/USTALIK/deri_isleme.pdf"
"kagit_uretim.pdf","https://raw.githubusercontent.com/atakummesem-web/ustalik_kalfalik_sinav_kriterleri/main/K%C4%B0MYA%20TEKNOLOJ%C4%B0S%C4%B0/USTALIK/kagit_uretim.pdf","http://www.seninsiten.com/kriterler/K%C4%B0MYA%20TEKNOLOJ%C4%B0S%C4%B0/USTALIK/kagit_uretim.pdf"
"temizlik_kozmetik_ve_parfumeri_urunleri_uretimi.pdf","https://raw.githubusercontent.com/atakummesem-web/ustalik_kalfalik_sinav_kriterleri/main/K%C4%B0MYA%20TEKNOLOJ%C4%B0S%C4%B0/USTALIK/temizlik_kozmetik_ve_parfumeri_urunleri_uretimi.pdf","http://www.seninsiten.com/kriterler/K%C4%B0MYA%20TEKNOLOJ%C4%B0S%C4%B0/USTALIK/temizlik_kozmetik_ve_parfumeri_urunleri_uretimi.pdf"
"anahtarcilik_ve_cilingirlik.pdf","https://raw.githubusercontent.com/atakummesem-web/ustalik_kalfalik_sinav_kriterleri/main/MAK%C4%B0NE%20TEKNOLOJ%C4%B0S%C4%B0/KALFALIK/anahtarcilik_ve_cilingirlik.pdf","http://www.seninsiten.com/kriterler/MAK%C4%B0NE%20TEKNOLOJ%C4%B0S%C4%B0/KALFALIK/anahtarcilik_ve_cilingirlik.pdf"
"bilgisayarli_makine_imalati.pdf","https://raw.githubusercontent.com/atakummesem-web/ustalik_kalfalik_sinav_kriterleri/main/MAK%C4%B0NE%20TEKNOLOJ%C4%B0S%C4%B0/KALFALIK/bilgisayarli_makine_imalati.pdf","http://www.seninsiten.com/kriterler/MAK%C4%B0NE%20TEKNOLOJ%C4%B0S%C4%B0/KALFALIK/bilgisayarli_makine_imalati.pdf"
"bilgisayar_destekli_endustriyel_modelleme.pdf","https://raw.githubusercontent.com/atakummesem-web/ustalik_kalfalik_sinav_kriterleri/main/MAK%C4%B0NE%20TEKNOLOJ%C4%B0S%C4%B0/KALFALIK/bilgisayar_destekli_endustriyel_modelleme.pdf","http://www.seninsiten.com/kriterler/MAK%C4%B0NE%20TEKNOLOJ%C4%B0S%C4%B0/KALFALIK/bilgisayar_destekli_endustriyel_modelleme.pdf"
"bilgisayar_destekli_makine_ressamligi.pdf","https://raw.githubusercontent.com/atakummesem-web/ustalik_kalfalik_sinav_kriterleri/main/MAK%C4%B0NE%20TEKNOLOJ%C4%B0S%C4%B0/KALFALIK/bilgisayar_destekli_makine_ressamligi.pdf","http://www.seninsiten.com/kriterler/MAK%C4%B0NE%20TEKNOLOJ%C4%B0S%C4%B0/KALFALIK/bilgisayar_destekli_makine_ressamligi.pdf"
"degirmencilik.pdf","https://raw.githubusercontent.com/atakummesem-web/ustalik_kalfalik_sinav_kriterleri/main/MAK%C4%B0NE%20TEKNOLOJ%C4%B0S%C4%B0/KALFALIK/degirmencilik.pdf","http://www.seninsiten.com/kriterler/MAK%C4%B0NE%20TEKNOLOJ%C4%B0S%C4%B0/KALFALIK/degirmencilik.pdf"
"endustriyel_kalip.pdf","https://raw.githubusercontent.com/atakummesem-web/ustalik_kalfalik_sinav_kriterleri/main/MAK%C4%B0NE%20TEKNOLOJ%C4%B0S%C4%B0/KALFALIK/endustriyel_kalip.pdf","http://www.seninsiten.com/kriterler/MAK%C4%B0NE%20TEKNOLOJ%C4%B0S%C4%B0/KALFALIK/endustriyel_kalip.pdf"
"makine_bakim_onarim.pdf","https://raw.githubusercontent.com/atakummesem-web/ustalik_kalfalik_sinav_kriterleri/main/MAK%C4%B0NE%20TEKNOLOJ%C4%B0S%C4%B0/KALFALIK/makine_bakim_onarim.pdf","http://www.seninsiten.com/kriterler/MAK%C4%B0NE%20TEKNOLOJ%C4%B0S%C4%B0/KALFALIK/makine_bakim_onarim.pdf"
"mermer_isleme.pdf","https://raw.githubusercontent.com/atakummesem-web/ustalik_kalfalik_sinav_kriterleri/main/MAK%C4%B0NE%20TEKNOLOJ%C4%B0S%C4%B0/KALFALIK/mermer_isleme.pdf","http://www.seninsiten.com/kriterler/MAK%C4%B0NE%20TEKNOLOJ%C4%B0S%C4%B0/KALFALIK/mermer_isleme.pdf"
"saat_tamirciligi.pdf","https://raw.githubusercontent.com/atakummesem-web/ustalik_kalfalik_sinav_kriterleri/main/MAK%C4%B0NE%20TEKNOLOJ%C4%B0S%C4%B0/KALFALIK/saat_tamirciligi.pdf","http://www.seninsiten.com/kriterler/MAK%C4%B0NE%20TEKNOLOJ%C4%B0S%C4%B0/KALFALIK/saat_tamirciligi.pdf"
"anahtarcilik_ve_cilingirlik.pdf","https://raw.githubusercontent.com/atakummesem-web/ustalik_kalfalik_sinav_kriterleri/main/MAK%C4%B0NE%20TEKNOLOJ%C4%B0S%C4%B0/USTALIK/anahtarcilik_ve_cilingirlik.pdf","http://www.seninsiten.com/kriterler/MAK%C4%B0NE%20TEKNOLOJ%C4%B0S%C4%B0/USTALIK/anahtarcilik_ve_cilingirlik.pdf"
"bilgisayarli_makine_imalati.pdf","https://raw.githubusercontent.com/atakummesem-web/ustalik_kalfalik_sinav_kriterleri/main/MAK%C4%B0NE%20TEKNOLOJ%C4%B0S%C4%B0/USTALIK/bilgisayarli_makine_imalati.pdf","http://www.seninsiten.com/kriterler/MAK%C4%B0NE%20TEKNOLOJ%C4%B0S%C4%B0/USTALIK/bilgisayarli_makine_imalati.pdf"
"bilgisayar_destekli_endustriyel_modelleme.pdf","https://raw.githubusercontent.com/atakummesem-web/ustalik_kalfalik_sinav_kriterleri/main/MAK%C4%B0NE%20TEKNOLOJ%C4%B0S%C4%B0/USTALIK/bilgisayar_destekli_endustriyel_modelleme.pdf","http://www.seninsiten.com/kriterler/MAK%C4%B0NE%20TEKNOLOJ%C4%B0S%C4%B0/USTALIK/bilgisayar_destekli_endustriyel_modelleme.pdf"
"bilgisayar_destekli_makine_ressamligi.pdf","https://raw.githubusercontent.com/atakummesem-web/ustalik_kalfalik_sinav_kriterleri/main/MAK%C4%B0NE%20TEKNOLOJ%C4%B0S%C4%B0/USTALIK/bilgisayar_destekli_makine_ressamligi.pdf","http://www.seninsiten.com/kriterler/MAK%C4%B0NE%20TEKNOLOJ%C4%B0S%C4%B0/USTALIK/bilgisayar_destekli_makine_ressamligi.pdf"
"Degirmencilik.pdf","https://raw.githubusercontent.com/atakummesem-web/ustalik_kalfalik_sinav_kriterleri/main/MAK%C4%B0NE%20TEKNOLOJ%C4%B0S%C4%B0/USTALIK/Degirmencilik.pdf","http://www.seninsiten.com/kriterler/MAK%C4%B0NE%20TEKNOLOJ%C4%B0S%C4%B0/USTALIK/Degirmencilik.pdf"
"endustriyel_kalip.pdf","https://raw.githubusercontent.com/atakummesem-web/ustalik_kalfalik_sinav_kriterleri/main/MAK%C4%B0NE%20TEKNOLOJ%C4%B0S%C4%B0/USTALIK/endustriyel_kalip.pdf","http://www.seninsiten.com/kriterler/MAK%C4%B0NE%20TEKNOLOJ%C4%B0S%C4%B0/USTALIK/endustriyel_kalip.pdf"
"makine_bakim_onarim.pdf","https://raw.githubusercontent.com/atakummesem-web/ustalik_kalfalik_sinav_kriterleri/main/MAK%C4%B0NE%20TEKNOLOJ%C4%B0S%C4%B0/USTALIK/makine_bakim_onarim.pdf","http://www.seninsiten.com/kriterler/MAK%C4%B0NE%20TEKNOLOJ%C4%B0S%C4%B0/USTALIK/makine_bakim_onarim.pdf"
"mermer_isleme.pdf","https://raw.githubusercontent.com/atakummesem-web/ustalik_kalfalik_sinav_kriterleri/main/MAK%C4%B0NE%20TEKNOLOJ%C4%B0S%C4%B0/USTALIK/mermer_isleme.pdf","http://www.seninsiten.com/kriterler/MAK%C4%B0NE%20TEKNOLOJ%C4%B0S%C4%B0/USTALIK/mermer_isleme.pdf"
"saat_tamirciligi.pdf","https://raw.githubusercontent.com/atakummesem-web/ustalik_kalfalik_sinav_kriterleri/main/MAK%C4%B0NE%20TEKNOLOJ%C4%B0S%C4%B0/USTALIK/saat_tamirciligi.pdf","http://www.seninsiten.com/kriterler/MAK%C4%B0NE%20TEKNOLOJ%C4%B0S%C4%B0/USTALIK/saat_tamirciligi.pdf"
"baski_oncesi.pdf","https://raw.githubusercontent.com/atakummesem-web/ustalik_kalfalik_sinav_kriterleri/main/MATBAA%20TEKNOLOJ%C4%B0S%C4%B0/Kalfa/baski_oncesi.pdf","http://www.seninsiten.com/kriterler/MATBAA%20TEKNOLOJ%C4%B0S%C4%B0/Kalfa/baski_oncesi.pdf"
"baski_sonrasi.pdf","https://raw.githubusercontent.com/atakummesem-web/ustalik_kalfalik_sinav_kriterleri/main/MATBAA%20TEKNOLOJ%C4%B0S%C4%B0/Kalfa/baski_sonrasi.pdf","http://www.seninsiten.com/kriterler/MATBAA%20TEKNOLOJ%C4%B0S%C4%B0/Kalfa/baski_sonrasi.pdf"
"dijital_baski.pdf","https://raw.githubusercontent.com/atakummesem-web/ustalik_kalfalik_sinav_kriterleri/main/MATBAA%20TEKNOLOJ%C4%B0S%C4%B0/Kalfa/dijital_baski.pdf","http://www.seninsiten.com/kriterler/MATBAA%20TEKNOLOJ%C4%B0S%C4%B0/Kalfa/dijital_baski.pdf"
"flekso_baski.pdf","https://raw.githubusercontent.com/atakummesem-web/ustalik_kalfalik_sinav_kriterleri/main/MATBAA%20TEKNOLOJ%C4%B0S%C4%B0/Kalfa/flekso_baski.pdf","http://www.seninsiten.com/kriterler/MATBAA%20TEKNOLOJ%C4%B0S%C4%B0/Kalfa/flekso_baski.pdf"
"ofset_baski.pdf","https://raw.githubusercontent.com/atakummesem-web/ustalik_kalfalik_sinav_kriterleri/main/MATBAA%20TEKNOLOJ%C4%B0S%C4%B0/Kalfa/ofset_baski.pdf","http://www.seninsiten.com/kriterler/MATBAA%20TEKNOLOJ%C4%B0S%C4%B0/Kalfa/ofset_baski.pdf"
"serigrafi_baski.pdf","https://raw.githubusercontent.com/atakummesem-web/ustalik_kalfalik_sinav_kriterleri/main/MATBAA%20TEKNOLOJ%C4%B0S%C4%B0/Kalfa/serigrafi_baski.pdf","http://www.seninsiten.com/kriterler/MATBAA%20TEKNOLOJ%C4%B0S%C4%B0/Kalfa/serigrafi_baski.pdf"
"tampon_baski.pdf","https://raw.githubusercontent.com/atakummesem-web/ustalik_kalfalik_sinav_kriterleri/main/MATBAA%20TEKNOLOJ%C4%B0S%C4%B0/Kalfa/tampon_baski.pdf","http://www.seninsiten.com/kriterler/MATBAA%20TEKNOLOJ%C4%B0S%C4%B0/Kalfa/tampon_baski.pdf"
"tifdruk_baski.pdf","https://raw.githubusercontent.com/atakummesem-web/ustalik_kalfalik_sinav_kriterleri/main/MATBAA%20TEKNOLOJ%C4%B0S%C4%B0/Kalfa/tifdruk_baski.pdf","http://www.seninsiten.com/kriterler/MATBAA%20TEKNOLOJ%C4%B0S%C4%B0/Kalfa/tifdruk_baski.pdf"
"baski_oncesi.pdf","https://raw.githubusercontent.com/atakummesem-web/ustalik_kalfalik_sinav_kriterleri/main/MATBAA%20TEKNOLOJ%C4%B0S%C4%B0/Usta/baski_oncesi.pdf","http://www.seninsiten.com/kriterler/MATBAA%20TEKNOLOJ%C4%B0S%C4%B0/Usta/baski_oncesi.pdf"
"baski_sonrasi.pdf","https://raw.githubusercontent.com/atakummesem-web/ustalik_kalfalik_sinav_kriterleri/main/MATBAA%20TEKNOLOJ%C4%B0S%C4%B0/Usta/baski_sonrasi.pdf","http://www.seninsiten.com/kriterler/MATBAA%20TEKNOLOJ%C4%B0S%C4%B0/Usta/baski_sonrasi.pdf"
"dijital_baski.pdf","https://raw.githubusercontent.com/atakummesem-web/ustalik_kalfalik_sinav_kriterleri/main/MATBAA%20TEKNOLOJ%C4%B0S%C4%B0/Usta/dijital_baski.pdf","http://www.seninsiten.com/kriterler/MATBAA%20TEKNOLOJ%C4%B0S%C4%B0/Usta/dijital_baski.pdf"
"flekso_baski.pdf","https://raw.githubusercontent.com/atakummesem-web/ustalik_kalfalik_sinav_kriterleri/main/MATBAA%20TEKNOLOJ%C4%B0S%C4%B0/Usta/flekso_baski.pdf","http://www.seninsiten.com/kriterler/MATBAA%20TEKNOLOJ%C4%B0S%C4%B0/Usta/flekso_baski.pdf"
"ofset_baski.pdf","https://raw.githubusercontent.com/atakummesem-web/ustalik_kalfalik_sinav_kriterleri/main/MATBAA%20TEKNOLOJ%C4%B0S%C4%B0/Usta/ofset_baski.pdf","http://www.seninsiten.com/kriterler/MATBAA%20TEKNOLOJ%C4%B0S%C4%B0/Usta/ofset_baski.pdf"
"serigrafi_baski.pdf","https://raw.githubusercontent.com/atakummesem-web/ustalik_kalfalik_sinav_kriterleri/main/MATBAA%20TEKNOLOJ%C4%B0S%C4%B0/Usta/serigrafi_baski.pdf","http://www.seninsiten.com/kriterler/MATBAA%20TEKNOLOJ%C4%B0S%C4%B0/Usta/serigrafi_baski.pdf"
"tampon_baski.pdf","https://raw.githubusercontent.com/atakummesem-web/ustalik_kalfalik_sinav_kriterleri/main/MATBAA%20TEKNOLOJ%C4%B0S%C4%B0/Usta/tampon_baski.pdf","http://www.seninsiten.com/kriterler/MATBAA%20TEKNOLOJ%C4%B0S%C4%B0/Usta/tampon_baski.pdf"
"tifdruk_baski.pdf","https://raw.githubusercontent.com/atakummesem-web/ustalik_kalfalik_sinav_kriterleri/main/MATBAA%20TEKNOLOJ%C4%B0S%C4%B0/Usta/tifdruk_baski.pdf","http://www.seninsiten.com/kriterler/MATBAA%20TEKNOLOJ%C4%B0S%C4%B0/Usta/tifdruk_baski.pdf"
"Avizecilik.pdf","https://raw.githubusercontent.com/atakummesem-web/ustalik_kalfalik_sinav_kriterleri/main/METAL%20TEKNOLOJ%C4%B0S%C4%B0/KALFALIK/Avizecilik.pdf","http://www.seninsiten.com/kriterler/METAL%20TEKNOLOJ%C4%B0S%C4%B0/KALFALIK/Avizecilik.pdf"
"celik_konstruksiyon.pdf","https://raw.githubusercontent.com/atakummesem-web/ustalik_kalfalik_sinav_kriterleri/main/METAL%20TEKNOLOJ%C4%B0S%C4%B0/KALFALIK/celik_konstruksiyon.pdf","http://www.seninsiten.com/kriterler/METAL%20TEKNOLOJ%C4%B0S%C4%B0/KALFALIK/celik_konstruksiyon.pdf"
"endustriyel_reklamci_tabelaci.pdf","https://raw.githubusercontent.com/atakummesem-web/ustalik_kalfalik_sinav_kriterleri/main/METAL%20TEKNOLOJ%C4%B0S%C4%B0/KALFALIK/endustriyel_reklamci_tabelaci.pdf","http://www.seninsiten.com/kriterler/METAL%20TEKNOLOJ%C4%B0S%C4%B0/KALFALIK/endustriyel_reklamci_tabelaci.pdf"
"isil_islem.pdf","https://raw.githubusercontent.com/atakummesem-web/ustalik_kalfalik_sinav_kriterleri/main/METAL%20TEKNOLOJ%C4%B0S%C4%B0/KALFALIK/isil_islem.pdf","http://www.seninsiten.com/kriterler/METAL%20TEKNOLOJ%C4%B0S%C4%B0/KALFALIK/isil_islem.pdf"
"Karosercilik.pdf","https://raw.githubusercontent.com/atakummesem-web/ustalik_kalfalik_sinav_kriterleri/main/METAL%20TEKNOLOJ%C4%B0S%C4%B0/KALFALIK/Karosercilik.pdf","http://www.seninsiten.com/kriterler/METAL%20TEKNOLOJ%C4%B0S%C4%B0/KALFALIK/Karosercilik.pdf"
"kaynakcilik.pdf","https://raw.githubusercontent.com/atakummesem-web/ustalik_kalfalik_sinav_kriterleri/main/METAL%20TEKNOLOJ%C4%B0S%C4%B0/KALFALIK/kaynakcilik.pdf","http://www.seninsiten.com/kriterler/METAL%20TEKNOLOJ%C4%B0S%C4%B0/KALFALIK/kaynakcilik.pdf"
"metal_dograma.pdf","https://raw.githubusercontent.com/atakummesem-web/ustalik_kalfalik_sinav_kriterleri/main/METAL%20TEKNOLOJ%C4%B0S%C4%B0/KALFALIK/metal_dograma.pdf","http://www.seninsiten.com/kriterler/METAL%20TEKNOLOJ%C4%B0S%C4%B0/KALFALIK/metal_dograma.pdf"
"metal_levha_islemeciligi.pdf","https://raw.githubusercontent.com/atakummesem-web/ustalik_kalfalik_sinav_kriterleri/main/METAL%20TEKNOLOJ%C4%B0S%C4%B0/KALFALIK/metal_levha_islemeciligi.pdf","http://www.seninsiten.com/kriterler/METAL%20TEKNOLOJ%C4%B0S%C4%B0/KALFALIK/metal_levha_islemeciligi.pdf"
"metal_yuzey_boyama.pdf","https://raw.githubusercontent.com/atakummesem-web/ustalik_kalfalik_sinav_kriterleri/main/METAL%20TEKNOLOJ%C4%B0S%C4%B0/KALFALIK/metal_yuzey_boyama.pdf","http://www.seninsiten.com/kriterler/METAL%20TEKNOLOJ%C4%B0S%C4%B0/KALFALIK/metal_yuzey_boyama.pdf"
"sac_isleri.pdf","https://raw.githubusercontent.com/atakummesem-web/ustalik_kalfalik_sinav_kriterleri/main/METAL%20TEKNOLOJ%C4%B0S%C4%B0/KALFALIK/sac_isleri.pdf","http://www.seninsiten.com/kriterler/METAL%20TEKNOLOJ%C4%B0S%C4%B0/KALFALIK/sac_isleri.pdf"
"Avizecilik.pdf","https://raw.githubusercontent.com/atakummesem-web/ustalik_kalfalik_sinav_kriterleri/main/METAL%20TEKNOLOJ%C4%B0S%C4%B0/USTALIK/Avizecilik.pdf","http://www.seninsiten.com/kriterler/METAL%20TEKNOLOJ%C4%B0S%C4%B0/USTALIK/Avizecilik.pdf"
"celik_konstruksiyon.pdf","https://raw.githubusercontent.com/atakummesem-web/ustalik_kalfalik_sinav_kriterleri/main/METAL%20TEKNOLOJ%C4%B0S%C4%B0/USTALIK/celik_konstruksiyon.pdf","http://www.seninsiten.com/kriterler/METAL%20TEKNOLOJ%C4%B0S%C4%B0/USTALIK/celik_konstruksiyon.pdf"
"endustriyel_reklamci_tabelaci.pdf","https://raw.githubusercontent.com/atakummesem-web/ustalik_kalfalik_sinav_kriterleri/main/METAL%20TEKNOLOJ%C4%B0S%C4%B0/USTALIK/endustriyel_reklamci_tabelaci.pdf","http://www.seninsiten.com/kriterler/METAL%20TEKNOLOJ%C4%B0S%C4%B0/USTALIK/endustriyel_reklamci_tabelaci.pdf"
"isil_islem.pdf","https://raw.githubusercontent.com/atakummesem-web/ustalik_kalfalik_sinav_kriterleri/main/METAL%20TEKNOLOJ%C4%B0S%C4%B0/USTALIK/isil_islem.pdf","http://www.seninsiten.com/kriterler/METAL%20TEKNOLOJ%C4%B0S%C4%B0/USTALIK/isil_islem.pdf"
"Karosercilik.pdf","https://raw.githubusercontent.com/atakummesem-web/ustalik_kalfalik_sinav_kriterleri/main/METAL%20TEKNOLOJ%C4%B0S%C4%B0/USTALIK/Karosercilik.pdf","http://www.seninsiten.com/kriterler/METAL%20TEKNOLOJ%C4%B0S%C4%B0/USTALIK/Karosercilik.pdf"
"kaynakcilik.pdf","https://raw.githubusercontent.com/atakummesem-web/ustalik_kalfalik_sinav_kriterleri/main/METAL%20TEKNOLOJ%C4%B0S%C4%B0/USTALIK/kaynakcilik.pdf","http://www.seninsiten.com/kriterler/METAL%20TEKNOLOJ%C4%B0S%C4%B0/USTALIK/kaynakcilik.pdf"
"metal_dograma.pdf","https://raw.githubusercontent.com/atakummesem-web/ustalik_kalfalik_sinav_kriterleri/main/METAL%20TEKNOLOJ%C4%B0S%C4%B0/USTALIK/metal_dograma.pdf","http://www.seninsiten.com/kriterler/METAL%20TEKNOLOJ%C4%B0S%C4%B0/USTALIK/metal_dograma.pdf"
"metal_levha_islemeciligi.pdf","https://raw.githubusercontent.com/atakummesem-web/ustalik_kalfalik_sinav_kriterleri/main/METAL%20TEKNOLOJ%C4%B0S%C4%B0/USTALIK/metal_levha_islemeciligi.pdf","http://www.seninsiten.com/kriterler/METAL%20TEKNOLOJ%C4%B0S%C4%B0/USTALIK/metal_levha_islemeciligi.pdf"
"metal_yuzey_boyama.pdf","https://raw.githubusercontent.com/atakummesem-web/ustalik_kalfalik_sinav_kriterleri/main/METAL%20TEKNOLOJ%C4%B0S%C4%B0/USTALIK/metal_yuzey_boyama.pdf","http://www.seninsiten.com/kriterler/METAL%20TEKNOLOJ%C4%B0S%C4%B0/USTALIK/metal_yuzey_boyama.pdf"
"sac_isleri.pdf","https://raw.githubusercontent.com/atakummesem-web/ustalik_kalfalik_sinav_kriterleri/main/METAL%20TEKNOLOJ%C4%B0S%C4%B0/USTALIK/sac_isleri.pdf","http://www.seninsiten.com/kriterler/METAL%20TEKNOLOJ%C4%B0S%C4%B0/USTALIK/sac_isleri.pdf"
"dokum.pdf","https://raw.githubusercontent.com/atakummesem-web/ustalik_kalfalik_sinav_kriterleri/main/METAL%C3%9CRJ%C4%B0%20TEKNOLOJ%C4%B0S%C4%B0/KALFALIK/dokum.pdf","http://www.seninsiten.com/kriterler/METAL%C3%9CRJ%C4%B0%20TEKNOLOJ%C4%B0S%C4%B0/KALFALIK/dokum.pdf"
"izabe.pdf","https://raw.githubusercontent.com/atakummesem-web/ustalik_kalfalik_sinav_kriterleri/main/METAL%C3%9CRJ%C4%B0%20TEKNOLOJ%C4%B0S%C4%B0/KALFALIK/izabe.pdf","http://www.seninsiten.com/kriterler/METAL%C3%9CRJ%C4%B0%20TEKNOLOJ%C4%B0S%C4%B0/KALFALIK/izabe.pdf"
"dokum.pdf","https://raw.githubusercontent.com/atakummesem-web/ustalik_kalfalik_sinav_kriterleri/main/METAL%C3%9CRJ%C4%B0%20TEKNOLOJ%C4%B0S%C4%B0/USTALIK/dokum.pdf","http://www.seninsiten.com/kriterler/METAL%C3%9CRJ%C4%B0%20TEKNOLOJ%C4%B0S%C4%B0/USTALIK/dokum.pdf"
"izabe.pdf","https://raw.githubusercontent.com/atakummesem-web/ustalik_kalfalik_sinav_kriterleri/main/METAL%C3%9CRJ%C4%B0%20TEKNOLOJ%C4%B0S%C4%B0/USTALIK/izabe.pdf","http://www.seninsiten.com/kriterler/METAL%C3%9CRJ%C4%B0%20TEKNOLOJ%C4%B0S%C4%B0/USTALIK/izabe.pdf"
"ahsap_dograma_teknolojisi.pdf","https://raw.githubusercontent.com/atakummesem-web/ustalik_kalfalik_sinav_kriterleri/main/MOB%C4%B0LYA%20VE%20%C4%B0%C3%87%20MEKAN%20TASARIMI/KALFALIK/ahsap_dograma_teknolojisi.pdf","http://www.seninsiten.com/kriterler/MOB%C4%B0LYA%20VE%20%C4%B0%C3%87%20MEKAN%20TASARIMI/KALFALIK/ahsap_dograma_teknolojisi.pdf"
"ic_mekan_ve_mobilya_teknolojisi.pdf","https://raw.githubusercontent.com/atakummesem-web/ustalik_kalfalik_sinav_kriterleri/main/MOB%C4%B0LYA%20VE%20%C4%B0%C3%87%20MEKAN%20TASARIMI/KALFALIK/ic_mekan_ve_mobilya_teknolojisi.pdf","http://www.seninsiten.com/kriterler/MOB%C4%B0LYA%20VE%20%C4%B0%C3%87%20MEKAN%20TASARIMI/KALFALIK/ic_mekan_ve_mobilya_teknolojisi.pdf"
"mobilya_iskeleti_ve_dosemesi.pdf","https://raw.githubusercontent.com/atakummesem-web/ustalik_kalfalik_sinav_kriterleri/main/MOB%C4%B0LYA%20VE%20%C4%B0%C3%87%20MEKAN%20TASARIMI/KALFALIK/mobilya_iskeleti_ve_dosemesi.pdf","http://www.seninsiten.com/kriterler/MOB%C4%B0LYA%20VE%20%C4%B0%C3%87%20MEKAN%20TASARIMI/KALFALIK/mobilya_iskeleti_ve_dosemesi.pdf"
"mobilya_susleme_sanatlari.pdf","https://raw.githubusercontent.com/atakummesem-web/ustalik_kalfalik_sinav_kriterleri/main/MOB%C4%B0LYA%20VE%20%C4%B0%C3%87%20MEKAN%20TASARIMI/KALFALIK/mobilya_susleme_sanatlari.pdf","http://www.seninsiten.com/kriterler/MOB%C4%B0LYA%20VE%20%C4%B0%C3%87%20MEKAN%20TASARIMI/KALFALIK/mobilya_susleme_sanatlari.pdf"
"oto_dosemeciligi.pdf","https://raw.githubusercontent.com/atakummesem-web/ustalik_kalfalik_sinav_kriterleri/main/MOB%C4%B0LYA%20VE%20%C4%B0%C3%87%20MEKAN%20TASARIMI/KALFALIK/oto_dosemeciligi.pdf","http://www.seninsiten.com/kriterler/MOB%C4%B0LYA%20VE%20%C4%B0%C3%87%20MEKAN%20TASARIMI/KALFALIK/oto_dosemeciligi.pdf"
"ahsap_dograma_teknolojisi.pdf","https://raw.githubusercontent.com/atakummesem-web/ustalik_kalfalik_sinav_kriterleri/main/MOB%C4%B0LYA%20VE%20%C4%B0%C3%87%20MEKAN%20TASARIMI/USTALIK/ahsap_dograma_teknolojisi.pdf","http://www.seninsiten.com/kriterler/MOB%C4%B0LYA%20VE%20%C4%B0%C3%87%20MEKAN%20TASARIMI/USTALIK/ahsap_dograma_teknolojisi.pdf"
"ic_mekan_ve_mobilya_teknolojisi.pdf","https://raw.githubusercontent.com/atakummesem-web/ustalik_kalfalik_sinav_kriterleri/main/MOB%C4%B0LYA%20VE%20%C4%B0%C3%87%20MEKAN%20TASARIMI/USTALIK/ic_mekan_ve_mobilya_teknolojisi.pdf","http://www.seninsiten.com/kriterler/MOB%C4%B0LYA%20VE%20%C4%B0%C3%87%20MEKAN%20TASARIMI/USTALIK/ic_mekan_ve_mobilya_teknolojisi.pdf"
"mobilya_iskeleti_ve_dosemesi.pdf","https://raw.githubusercontent.com/atakummesem-web/ustalik_kalfalik_sinav_kriterleri/main/MOB%C4%B0LYA%20VE%20%C4%B0%C3%87%20MEKAN%20TASARIMI/USTALIK/mobilya_iskeleti_ve_dosemesi.pdf","http://www.seninsiten.com/kriterler/MOB%C4%B0LYA%20VE%20%C4%B0%C3%87%20MEKAN%20TASARIMI/USTALIK/mobilya_iskeleti_ve_dosemesi.pdf"
"mobilya_susleme_sanatlari.pdf","https://raw.githubusercontent.com/atakummesem-web/ustalik_kalfalik_sinav_kriterleri/main/MOB%C4%B0LYA%20VE%20%C4%B0%C3%87%20MEKAN%20TASARIMI/USTALIK/mobilya_susleme_sanatlari.pdf","http://www.seninsiten.com/kriterler/MOB%C4%B0LYA%20VE%20%C4%B0%C3%87%20MEKAN%20TASARIMI/USTALIK/mobilya_susleme_sanatlari.pdf"
"oto_dosemeciligi.pdf","https://raw.githubusercontent.com/atakummesem-web/ustalik_kalfalik_sinav_kriterleri/main/MOB%C4%B0LYA%20VE%20%C4%B0%C3%87%20MEKAN%20TASARIMI/USTALIK/oto_dosemeciligi.pdf","http://www.seninsiten.com/kriterler/MOB%C4%B0LYA%20VE%20%C4%B0%C3%87%20MEKAN%20TASARIMI/USTALIK/oto_dosemeciligi.pdf"
"deri_giyim.pdf","https://raw.githubusercontent.com/atakummesem-web/ustalik_kalfalik_sinav_kriterleri/main/MODA%20TASARIM%20TEKNOLOJ%C4%B0S%C4%B0/Kalfal%C4%B1k/deri_giyim.pdf","http://www.seninsiten.com/kriterler/MODA%20TASARIM%20TEKNOLOJ%C4%B0S%C4%B0/Kalfal%C4%B1k/deri_giyim.pdf"
"erkek_terziligi.pdf","https://raw.githubusercontent.com/atakummesem-web/ustalik_kalfalik_sinav_kriterleri/main/MODA%20TASARIM%20TEKNOLOJ%C4%B0S%C4%B0/Kalfal%C4%B1k/erkek_terziligi.pdf","http://www.seninsiten.com/kriterler/MODA%20TASARIM%20TEKNOLOJ%C4%B0S%C4%B0/Kalfal%C4%B1k/erkek_terziligi.pdf"
"hazir_giyim_model_makineciligi.pdf","https://raw.githubusercontent.com/atakummesem-web/ustalik_kalfalik_sinav_kriterleri/main/MODA%20TASARIM%20TEKNOLOJ%C4%B0S%C4%B0/Kalfal%C4%B1k/hazir_giyim_model_makineciligi.pdf","http://www.seninsiten.com/kriterler/MODA%20TASARIM%20TEKNOLOJ%C4%B0S%C4%B0/Kalfal%C4%B1k/hazir_giyim_model_makineciligi.pdf"
"ic_giyim_modeli_makineciligi.pdf","https://raw.githubusercontent.com/atakummesem-web/ustalik_kalfalik_sinav_kriterleri/main/MODA%20TASARIM%20TEKNOLOJ%C4%B0S%C4%B0/Kalfal%C4%B1k/ic_giyim_modeli_makineciligi.pdf","http://www.seninsiten.com/kriterler/MODA%20TASARIM%20TEKNOLOJ%C4%B0S%C4%B0/Kalfal%C4%B1k/ic_giyim_modeli_makineciligi.pdf"
"kadin_terziligi.pdf","https://raw.githubusercontent.com/atakummesem-web/ustalik_kalfalik_sinav_kriterleri/main/MODA%20TASARIM%20TEKNOLOJ%C4%B0S%C4%B0/Kalfal%C4%B1k/kadin_terziligi.pdf","http://www.seninsiten.com/kriterler/MODA%20TASARIM%20TEKNOLOJ%C4%B0S%C4%B0/Kalfal%C4%B1k/kadin_terziligi.pdf"
"Kesim.pdf","https://raw.githubusercontent.com/atakummesem-web/ustalik_kalfalik_sinav_kriterleri/main/MODA%20TASARIM%20TEKNOLOJ%C4%B0S%C4%B0/Kalfal%C4%B1k/Kesim.pdf","http://www.seninsiten.com/kriterler/MODA%20TASARIM%20TEKNOLOJ%C4%B0S%C4%B0/Kalfal%C4%B1k/Kesim.pdf"
"Modelistlik.pdf","https://raw.githubusercontent.com/atakummesem-web/ustalik_kalfalik_sinav_kriterleri/main/MODA%20TASARIM%20TEKNOLOJ%C4%B0S%C4%B0/Kalfal%C4%B1k/Modelistlik.pdf","http://www.seninsiten.com/kriterler/MODA%20TASARIM%20TEKNOLOJ%C4%B0S%C4%B0/Kalfal%C4%B1k/Modelistlik.pdf"
"deri_giyim.pdf","https://raw.githubusercontent.com/atakummesem-web/ustalik_kalfalik_sinav_kriterleri/main/MODA%20TASARIM%20TEKNOLOJ%C4%B0S%C4%B0/Ustal%C4%B1k/deri_giyim.pdf","http://www.seninsiten.com/kriterler/MODA%20TASARIM%20TEKNOLOJ%C4%B0S%C4%B0/Ustal%C4%B1k/deri_giyim.pdf"
"erkek_terziligi.pdf","https://raw.githubusercontent.com/atakummesem-web/ustalik_kalfalik_sinav_kriterleri/main/MODA%20TASARIM%20TEKNOLOJ%C4%B0S%C4%B0/Ustal%C4%B1k/erkek_terziligi.pdf","http://www.seninsiten.com/kriterler/MODA%20TASARIM%20TEKNOLOJ%C4%B0S%C4%B0/Ustal%C4%B1k/erkek_terziligi.pdf"
"hazir_giyim_model_makineciligi.pdf","https://raw.githubusercontent.com/atakummesem-web/ustalik_kalfalik_sinav_kriterleri/main/MODA%20TASARIM%20TEKNOLOJ%C4%B0S%C4%B0/Ustal%C4%B1k/hazir_giyim_model_makineciligi.pdf","http://www.seninsiten.com/kriterler/MODA%20TASARIM%20TEKNOLOJ%C4%B0S%C4%B0/Ustal%C4%B1k/hazir_giyim_model_makineciligi.pdf"
"ic_giyim_modelistligi.pdf","https://raw.githubusercontent.com/atakummesem-web/ustalik_kalfalik_sinav_kriterleri/main/MODA%20TASARIM%20TEKNOLOJ%C4%B0S%C4%B0/Ustal%C4%B1k/ic_giyim_modelistligi.pdf","http://www.seninsiten.com/kriterler/MODA%20TASARIM%20TEKNOLOJ%C4%B0S%C4%B0/Ustal%C4%B1k/ic_giyim_modelistligi.pdf"
"kadin_terziligi.pdf","https://raw.githubusercontent.com/atakummesem-web/ustalik_kalfalik_sinav_kriterleri/main/MODA%20TASARIM%20TEKNOLOJ%C4%B0S%C4%B0/Ustal%C4%B1k/kadin_terziligi.pdf","http://www.seninsiten.com/kriterler/MODA%20TASARIM%20TEKNOLOJ%C4%B0S%C4%B0/Ustal%C4%B1k/kadin_terziligi.pdf"
"Kesim.pdf","https://raw.githubusercontent.com/atakummesem-web/ustalik_kalfalik_sinav_kriterleri/main/MODA%20TASARIM%20TEKNOLOJ%C4%B0S%C4%B0/Ustal%C4%B1k/Kesim.pdf","http://www.seninsiten.com/kriterler/MODA%20TASARIM%20TEKNOLOJ%C4%B0S%C4%B0/Ustal%C4%B1k/Kesim.pdf"
"Modelistlik.pdf","https://raw.githubusercontent.com/atakummesem-web/ustalik_kalfalik_sinav_kriterleri/main/MODA%20TASARIM%20TEKNOLOJ%C4%B0S%C4%B0/Ustal%C4%B1k/Modelistlik.pdf","http://www.seninsiten.com/kriterler/MODA%20TASARIM%20TEKNOLOJ%C4%B0S%C4%B0/Ustal%C4%B1k/Modelistlik.pdf"
"dizel_motorlari_yakit_pompasi_ve_enjektor_ayarciligi.pdf","https://raw.githubusercontent.com/atakummesem-web/ustalik_kalfalik_sinav_kriterleri/main/MOTORLU%20ARA%C3%87LAR%20TEKNOLOJ%C4%B0S%C4%B0/KALFALIK/dizel_motorlari_yakit_pompasi_ve_enjektor_ayarciligi.pdf","http://www.seninsiten.com/kriterler/MOTORLU%20ARA%C3%87LAR%20TEKNOLOJ%C4%B0S%C4%B0/KALFALIK/dizel_motorlari_yakit_pompasi_ve_enjektor_ayarciligi.pdf"
"is_makineleri.pdf","https://raw.githubusercontent.com/atakummesem-web/ustalik_kalfalik_sinav_kriterleri/main/MOTORLU%20ARA%C3%87LAR%20TEKNOLOJ%C4%B0S%C4%B0/KALFALIK/is_makineleri.pdf","http://www.seninsiten.com/kriterler/MOTORLU%20ARA%C3%87LAR%20TEKNOLOJ%C4%B0S%C4%B0/KALFALIK/is_makineleri.pdf"
"motorlu_araclar_lpg_sistemleri_bakim_ve_onarimciligi.pdf","https://raw.githubusercontent.com/atakummesem-web/ustalik_kalfalik_sinav_kriterleri/main/MOTORLU%20ARA%C3%87LAR%20TEKNOLOJ%C4%B0S%C4%B0/KALFALIK/motorlu_araclar_lpg_sistemleri_bakim_ve_onarimciligi.pdf","http://www.seninsiten.com/kriterler/MOTORLU%20ARA%C3%87LAR%20TEKNOLOJ%C4%B0S%C4%B0/KALFALIK/motorlu_araclar_lpg_sistemleri_bakim_ve_onarimciligi.pdf"
"motosiklet_tamirciligi.pdf","https://raw.githubusercontent.com/atakummesem-web/ustalik_kalfalik_sinav_kriterleri/main/MOTORLU%20ARA%C3%87LAR%20TEKNOLOJ%C4%B0S%C4%B0/KALFALIK/motosiklet_tamirciligi.pdf","http://www.seninsiten.com/kriterler/MOTORLU%20ARA%C3%87LAR%20TEKNOLOJ%C4%B0S%C4%B0/KALFALIK/motosiklet_tamirciligi.pdf"
"on_duzen_ayarciligi_ve_lastikcilik.pdf","https://raw.githubusercontent.com/atakummesem-web/ustalik_kalfalik_sinav_kriterleri/main/MOTORLU%20ARA%C3%87LAR%20TEKNOLOJ%C4%B0S%C4%B0/KALFALIK/on_duzen_ayarciligi_ve_lastikcilik.pdf","http://www.seninsiten.com/kriterler/MOTORLU%20ARA%C3%87LAR%20TEKNOLOJ%C4%B0S%C4%B0/KALFALIK/on_duzen_ayarciligi_ve_lastikcilik.pdf"
"otomotiv_boya.pdf","https://raw.githubusercontent.com/atakummesem-web/ustalik_kalfalik_sinav_kriterleri/main/MOTORLU%20ARA%C3%87LAR%20TEKNOLOJ%C4%B0S%C4%B0/KALFALIK/otomotiv_boya.pdf","http://www.seninsiten.com/kriterler/MOTORLU%20ARA%C3%87LAR%20TEKNOLOJ%C4%B0S%C4%B0/KALFALIK/otomotiv_boya.pdf"
"otomotiv_elektrikciligi.pdf","https://raw.githubusercontent.com/atakummesem-web/ustalik_kalfalik_sinav_kriterleri/main/MOTORLU%20ARA%C3%87LAR%20TEKNOLOJ%C4%B0S%C4%B0/KALFALIK/otomotiv_elektrikciligi.pdf","http://www.seninsiten.com/kriterler/MOTORLU%20ARA%C3%87LAR%20TEKNOLOJ%C4%B0S%C4%B0/KALFALIK/otomotiv_elektrikciligi.pdf"
"otomotiv_elektromekanik.pdf","https://raw.githubusercontent.com/atakummesem-web/ustalik_kalfalik_sinav_kriterleri/main/MOTORLU%20ARA%C3%87LAR%20TEKNOLOJ%C4%B0S%C4%B0/KALFALIK/otomotiv_elektromekanik.pdf","http://www.seninsiten.com/kriterler/MOTORLU%20ARA%C3%87LAR%20TEKNOLOJ%C4%B0S%C4%B0/KALFALIK/otomotiv_elektromekanik.pdf"
"otomotiv_govde.pdf","https://raw.githubusercontent.com/atakummesem-web/ustalik_kalfalik_sinav_kriterleri/main/MOTORLU%20ARA%C3%87LAR%20TEKNOLOJ%C4%B0S%C4%B0/KALFALIK/otomotiv_govde.pdf","http://www.seninsiten.com/kriterler/MOTORLU%20ARA%C3%87LAR%20TEKNOLOJ%C4%B0S%C4%B0/KALFALIK/otomotiv_govde.pdf"
"otomotiv_mekanikerligi.pdf","https://raw.githubusercontent.com/atakummesem-web/ustalik_kalfalik_sinav_kriterleri/main/MOTORLU%20ARA%C3%87LAR%20TEKNOLOJ%C4%B0S%C4%B0/KALFALIK/otomotiv_mekanikerligi.pdf","http://www.seninsiten.com/kriterler/MOTORLU%20ARA%C3%87LAR%20TEKNOLOJ%C4%B0S%C4%B0/KALFALIK/otomotiv_mekanikerligi.pdf"
"otomotiv_motor_yenilestirmeciligi.pdf","https://raw.githubusercontent.com/atakummesem-web/ustalik_kalfalik_sinav_kriterleri/main/MOTORLU%20ARA%C3%87LAR%20TEKNOLOJ%C4%B0S%C4%B0/KALFALIK/otomotiv_motor_yenilestirmeciligi.pdf","http://www.seninsiten.com/kriterler/MOTORLU%20ARA%C3%87LAR%20TEKNOLOJ%C4%B0S%C4%B0/KALFALIK/otomotiv_motor_yenilestirmeciligi.pdf"
"dizel_motorlari_yakit_pompasi_ve_enjektor_ayarciligi.pdf","https://raw.githubusercontent.com/atakummesem-web/ustalik_kalfalik_sinav_kriterleri/main/MOTORLU%20ARA%C3%87LAR%20TEKNOLOJ%C4%B0S%C4%B0/USTALIK/dizel_motorlari_yakit_pompasi_ve_enjektor_ayarciligi.pdf","http://www.seninsiten.com/kriterler/MOTORLU%20ARA%C3%87LAR%20TEKNOLOJ%C4%B0S%C4%B0/USTALIK/dizel_motorlari_yakit_pompasi_ve_enjektor_ayarciligi.pdf"
"is_makineleri.pdf","https://raw.githubusercontent.com/atakummesem-web/ustalik_kalfalik_sinav_kriterleri/main/MOTORLU%20ARA%C3%87LAR%20TEKNOLOJ%C4%B0S%C4%B0/USTALIK/is_makineleri.pdf","http://www.seninsiten.com/kriterler/MOTORLU%20ARA%C3%87LAR%20TEKNOLOJ%C4%B0S%C4%B0/USTALIK/is_makineleri.pdf"
"motorlu_araclar_lpg_sistemleri_bakim_ve_onarimciligi.pdf","https://raw.githubusercontent.com/atakummesem-web/ustalik_kalfalik_sinav_kriterleri/main/MOTORLU%20ARA%C3%87LAR%20TEKNOLOJ%C4%B0S%C4%B0/USTALIK/motorlu_araclar_lpg_sistemleri_bakim_ve_onarimciligi.pdf","http://www.seninsiten.com/kriterler/MOTORLU%20ARA%C3%87LAR%20TEKNOLOJ%C4%B0S%C4%B0/USTALIK/motorlu_araclar_lpg_sistemleri_bakim_ve_onarimciligi.pdf"
"motosiklet_tamirciligi.pdf","https://raw.githubusercontent.com/atakummesem-web/ustalik_kalfalik_sinav_kriterleri/main/MOTORLU%20ARA%C3%87LAR%20TEKNOLOJ%C4%B0S%C4%B0/USTALIK/motosiklet_tamirciligi.pdf","http://www.seninsiten.com/kriterler/MOTORLU%20ARA%C3%87LAR%20TEKNOLOJ%C4%B0S%C4%B0/USTALIK/motosiklet_tamirciligi.pdf"
"on_duzen_ayarciligi_ve_lastikcilik.pdf","https://raw.githubusercontent.com/atakummesem-web/ustalik_kalfalik_sinav_kriterleri/main/MOTORLU%20ARA%C3%87LAR%20TEKNOLOJ%C4%B0S%C4%B0/USTALIK/on_duzen_ayarciligi_ve_lastikcilik.pdf","http://www.seninsiten.com/kriterler/MOTORLU%20ARA%C3%87LAR%20TEKNOLOJ%C4%B0S%C4%B0/USTALIK/on_duzen_ayarciligi_ve_lastikcilik.pdf"
"otomotiv_boya.pdf","https://raw.githubusercontent.com/atakummesem-web/ustalik_kalfalik_sinav_kriterleri/main/MOTORLU%20ARA%C3%87LAR%20TEKNOLOJ%C4%B0S%C4%B0/USTALIK/otomotiv_boya.pdf","http://www.seninsiten.com/kriterler/MOTORLU%20ARA%C3%87LAR%20TEKNOLOJ%C4%B0S%C4%B0/USTALIK/otomotiv_boya.pdf"
"otomotiv_elektrikciligi.pdf","https://raw.githubusercontent.com/atakummesem-web/ustalik_kalfalik_sinav_kriterleri/main/MOTORLU%20ARA%C3%87LAR%20TEKNOLOJ%C4%B0S%C4%B0/USTALIK/otomotiv_elektrikciligi.pdf","http://www.seninsiten.com/kriterler/MOTORLU%20ARA%C3%87LAR%20TEKNOLOJ%C4%B0S%C4%B0/USTALIK/otomotiv_elektrikciligi.pdf"
"otomotiv_elektromekanik.pdf","https://raw.githubusercontent.com/atakummesem-web/ustalik_kalfalik_sinav_kriterleri/main/MOTORLU%20ARA%C3%87LAR%20TEKNOLOJ%C4%B0S%C4%B0/USTALIK/otomotiv_elektromekanik.pdf","http://www.seninsiten.com/kriterler/MOTORLU%20ARA%C3%87LAR%20TEKNOLOJ%C4%B0S%C4%B0/USTALIK/otomotiv_elektromekanik.pdf"
"otomotiv_govde.pdf","https://raw.githubusercontent.com/atakummesem-web/ustalik_kalfalik_sinav_kriterleri/main/MOTORLU%20ARA%C3%87LAR%20TEKNOLOJ%C4%B0S%C4%B0/USTALIK/otomotiv_govde.pdf","http://www.seninsiten.com/kriterler/MOTORLU%20ARA%C3%87LAR%20TEKNOLOJ%C4%B0S%C4%B0/USTALIK/otomotiv_govde.pdf"
"otomotiv_mekanikerligi.pdf","https://raw.githubusercontent.com/atakummesem-web/ustalik_kalfalik_sinav_kriterleri/main/MOTORLU%20ARA%C3%87LAR%20TEKNOLOJ%C4%B0S%C4%B0/USTALIK/otomotiv_mekanikerligi.pdf","http://www.seninsiten.com/kriterler/MOTORLU%20ARA%C3%87LAR%20TEKNOLOJ%C4%B0S%C4%B0/USTALIK/otomotiv_mekanikerligi.pdf"
"otomotiv_motor_yenilestirmeciligi.pdf","https://raw.githubusercontent.com/atakummesem-web/ustalik_kalfalik_sinav_kriterleri/main/MOTORLU%20ARA%C3%87LAR%20TEKNOLOJ%C4%B0S%C4%B0/USTALIK/otomotiv_motor_yenilestirmeciligi.pdf","http://www.seninsiten.com/kriterler/MOTORLU%20ARA%C3%87LAR%20TEKNOLOJ%C4%B0S%C4%B0/USTALIK/otomotiv_motor_yenilestirmeciligi.pdf"
"Muhasebe.pdf","https://raw.githubusercontent.com/atakummesem-web/ustalik_kalfalik_sinav_kriterleri/main/MUHASEBE%20VE%20F%C4%B0NANSMAN/Kalfal%C4%B1k/Muhasebe.pdf","http://www.seninsiten.com/kriterler/MUHASEBE%20VE%20F%C4%B0NANSMAN/Kalfal%C4%B1k/Muhasebe.pdf"
"Muhasebe.pdf","https://raw.githubusercontent.com/atakummesem-web/ustalik_kalfalik_sinav_kriterleri/main/MUHASEBE%20VE%20F%C4%B0NANSMAN/Ustal%C4%B1k/Muhasebe.pdf","http://www.seninsiten.com/kriterler/MUHASEBE%20VE%20F%C4%B0NANSMAN/Ustal%C4%B1k/Muhasebe.pdf"
"mizrapli_bati_muzigi_enstrumanlari_yapimi.pdf","https://raw.githubusercontent.com/atakummesem-web/ustalik_kalfalik_sinav_kriterleri/main/M%C3%9CZ%C4%B0K%20ALETLER%C4%B0%20YAPIMI/KALFALIK/mizrapli_bati_muzigi_enstrumanlari_yapimi.pdf","http://www.seninsiten.com/kriterler/M%C3%9CZ%C4%B0K%20ALETLER%C4%B0%20YAPIMI/KALFALIK/mizrapli_bati_muzigi_enstrumanlari_yapimi.pdf"
"mizrapli_halk_muzigi_enstrumanlari_yapimi.pdf","https://raw.githubusercontent.com/atakummesem-web/ustalik_kalfalik_sinav_kriterleri/main/M%C3%9CZ%C4%B0K%20ALETLER%C4%B0%20YAPIMI/KALFALIK/mizrapli_halk_muzigi_enstrumanlari_yapimi.pdf","http://www.seninsiten.com/kriterler/M%C3%9CZ%C4%B0K%20ALETLER%C4%B0%20YAPIMI/KALFALIK/mizrapli_halk_muzigi_enstrumanlari_yapimi.pdf"
"mizrapli_sanat_muzigi_enstrumanlari_yapimi.pdf","https://raw.githubusercontent.com/atakummesem-web/ustalik_kalfalik_sinav_kriterleri/main/M%C3%9CZ%C4%B0K%20ALETLER%C4%B0%20YAPIMI/KALFALIK/mizrapli_sanat_muzigi_enstrumanlari_yapimi.pdf","http://www.seninsiten.com/kriterler/M%C3%9CZ%C4%B0K%20ALETLER%C4%B0%20YAPIMI/KALFALIK/mizrapli_sanat_muzigi_enstrumanlari_yapimi.pdf"
"yayli_enstrumen_yapimi.pdf","https://raw.githubusercontent.com/atakummesem-web/ustalik_kalfalik_sinav_kriterleri/main/M%C3%9CZ%C4%B0K%20ALETLER%C4%B0%20YAPIMI/KALFALIK/yayli_enstrumen_yapimi.pdf","http://www.seninsiten.com/kriterler/M%C3%9CZ%C4%B0K%20ALETLER%C4%B0%20YAPIMI/KALFALIK/yayli_enstrumen_yapimi.pdf"
"mizrapli_bati_muzigi_enstrumanlari_yapimi.pdf","https://raw.githubusercontent.com/atakummesem-web/ustalik_kalfalik_sinav_kriterleri/main/M%C3%9CZ%C4%B0K%20ALETLER%C4%B0%20YAPIMI/USTALIK/mizrapli_bati_muzigi_enstrumanlari_yapimi.pdf","http://www.seninsiten.com/kriterler/M%C3%9CZ%C4%B0K%20ALETLER%C4%B0%20YAPIMI/USTALIK/mizrapli_bati_muzigi_enstrumanlari_yapimi.pdf"
"mizrapli_halk_muzigi_enstrumanlari_yapimi.pdf","https://raw.githubusercontent.com/atakummesem-web/ustalik_kalfalik_sinav_kriterleri/main/M%C3%9CZ%C4%B0K%20ALETLER%C4%B0%20YAPIMI/USTALIK/mizrapli_halk_muzigi_enstrumanlari_yapimi.pdf","http://www.seninsiten.com/kriterler/M%C3%9CZ%C4%B0K%20ALETLER%C4%B0%20YAPIMI/USTALIK/mizrapli_halk_muzigi_enstrumanlari_yapimi.pdf"
"mizrapli_sanat_muzigi_enstrumanlari_yapimi.pdf","https://raw.githubusercontent.com/atakummesem-web/ustalik_kalfalik_sinav_kriterleri/main/M%C3%9CZ%C4%B0K%20ALETLER%C4%B0%20YAPIMI/USTALIK/mizrapli_sanat_muzigi_enstrumanlari_yapimi.pdf","http://www.seninsiten.com/kriterler/M%C3%9CZ%C4%B0K%20ALETLER%C4%B0%20YAPIMI/USTALIK/mizrapli_sanat_muzigi_enstrumanlari_yapimi.pdf"
"yayli_enstruman_yapimi.pdf","https://raw.githubusercontent.com/atakummesem-web/ustalik_kalfalik_sinav_kriterleri/main/M%C3%9CZ%C4%B0K%20ALETLER%C4%B0%20YAPIMI/USTALIK/yayli_enstruman_yapimi.pdf","http://www.seninsiten.com/kriterler/M%C3%9CZ%C4%B0K%20ALETLER%C4%B0%20YAPIMI/USTALIK/yayli_enstruman_yapimi.pdf"
"emlak_komisyonculugu.pdf","https://raw.githubusercontent.com/atakummesem-web/ustalik_kalfalik_sinav_kriterleri/main/PAZARLAMA%20VE%20PRAKENDE/KALFALIK/emlak_komisyonculugu.pdf","http://www.seninsiten.com/kriterler/PAZARLAMA%20VE%20PRAKENDE/KALFALIK/emlak_komisyonculugu.pdf"
"satis_elemanligi.pdf","https://raw.githubusercontent.com/atakummesem-web/ustalik_kalfalik_sinav_kriterleri/main/PAZARLAMA%20VE%20PRAKENDE/KALFALIK/satis_elemanligi.pdf","http://www.seninsiten.com/kriterler/PAZARLAMA%20VE%20PRAKENDE/KALFALIK/satis_elemanligi.pdf"
"sigortacilik.pdf","https://raw.githubusercontent.com/atakummesem-web/ustalik_kalfalik_sinav_kriterleri/main/PAZARLAMA%20VE%20PRAKENDE/KALFALIK/sigortacilik.pdf","http://www.seninsiten.com/kriterler/PAZARLAMA%20VE%20PRAKENDE/KALFALIK/sigortacilik.pdf"
"emlak_komisyonculugu.pdf","https://raw.githubusercontent.com/atakummesem-web/ustalik_kalfalik_sinav_kriterleri/main/PAZARLAMA%20VE%20PRAKENDE/USTALIK/emlak_komisyonculugu.pdf","http://www.seninsiten.com/kriterler/PAZARLAMA%20VE%20PRAKENDE/USTALIK/emlak_komisyonculugu.pdf"
"satis_elemanligi.pdf","https://raw.githubusercontent.com/atakummesem-web/ustalik_kalfalik_sinav_kriterleri/main/PAZARLAMA%20VE%20PRAKENDE/USTALIK/satis_elemanligi.pdf","http://www.seninsiten.com/kriterler/PAZARLAMA%20VE%20PRAKENDE/USTALIK/satis_elemanligi.pdf"
"sigortacilik.pdf","https://raw.githubusercontent.com/atakummesem-web/ustalik_kalfalik_sinav_kriterleri/main/PAZARLAMA%20VE%20PRAKENDE/USTALIK/sigortacilik.pdf","http://www.seninsiten.com/kriterler/PAZARLAMA%20VE%20PRAKENDE/USTALIK/sigortacilik.pdf"
"pilastik_isleme.pdf","https://raw.githubusercontent.com/atakummesem-web/ustalik_kalfalik_sinav_kriterleri/main/PLAST%C4%B0K%20TEKNOLOJ%C4%B0S%C4%B0/KALFALIK/pilastik_isleme.pdf","http://www.seninsiten.com/kriterler/PLAST%C4%B0K%20TEKNOLOJ%C4%B0S%C4%B0/KALFALIK/pilastik_isleme.pdf"
"pilastik_kalip.pdf","https://raw.githubusercontent.com/atakummesem-web/ustalik_kalfalik_sinav_kriterleri/main/PLAST%C4%B0K%20TEKNOLOJ%C4%B0S%C4%B0/KALFALIK/pilastik_kalip.pdf","http://www.seninsiten.com/kriterler/PLAST%C4%B0K%20TEKNOLOJ%C4%B0S%C4%B0/KALFALIK/pilastik_kalip.pdf"
"plastik_isleme.pdf","https://raw.githubusercontent.com/atakummesem-web/ustalik_kalfalik_sinav_kriterleri/main/PLAST%C4%B0K%20TEKNOLOJ%C4%B0S%C4%B0/USTALIK/plastik_isleme.pdf","http://www.seninsiten.com/kriterler/PLAST%C4%B0K%20TEKNOLOJ%C4%B0S%C4%B0/USTALIK/plastik_isleme.pdf"
"plastik_kalip.pdf","https://raw.githubusercontent.com/atakummesem-web/ustalik_kalfalik_sinav_kriterleri/main/PLAST%C4%B0K%20TEKNOLOJ%C4%B0S%C4%B0/USTALIK/plastik_kalip.pdf","http://www.seninsiten.com/kriterler/PLAST%C4%B0K%20TEKNOLOJ%C4%B0S%C4%B0/USTALIK/plastik_kalip.pdf"
"alci_model_kalip.pdf","https://raw.githubusercontent.com/atakummesem-web/ustalik_kalfalik_sinav_kriterleri/main/SERAM%C4%B0K%20VE%20CAM%20TEKNOLOJ%C4%B0S%C4%B0/KALFALIK/alci_model_kalip.pdf","http://www.seninsiten.com/kriterler/SERAM%C4%B0K%20VE%20CAM%20TEKNOLOJ%C4%B0S%C4%B0/KALFALIK/alci_model_kalip.pdf"
"cinicilik.pdf","https://raw.githubusercontent.com/atakummesem-web/ustalik_kalfalik_sinav_kriterleri/main/SERAM%C4%B0K%20VE%20CAM%20TEKNOLOJ%C4%B0S%C4%B0/KALFALIK/cinicilik.pdf","http://www.seninsiten.com/kriterler/SERAM%C4%B0K%20VE%20CAM%20TEKNOLOJ%C4%B0S%C4%B0/KALFALIK/cinicilik.pdf"
"dekoratif_cam.pdf","https://raw.githubusercontent.com/atakummesem-web/ustalik_kalfalik_sinav_kriterleri/main/SERAM%C4%B0K%20VE%20CAM%20TEKNOLOJ%C4%B0S%C4%B0/KALFALIK/dekoratif_cam.pdf","http://www.seninsiten.com/kriterler/SERAM%C4%B0K%20VE%20CAM%20TEKNOLOJ%C4%B0S%C4%B0/KALFALIK/dekoratif_cam.pdf"
"endustriyel_cam.pdf","https://raw.githubusercontent.com/atakummesem-web/ustalik_kalfalik_sinav_kriterleri/main/SERAM%C4%B0K%20VE%20CAM%20TEKNOLOJ%C4%B0S%C4%B0/KALFALIK/endustriyel_cam.pdf","http://www.seninsiten.com/kriterler/SERAM%C4%B0K%20VE%20CAM%20TEKNOLOJ%C4%B0S%C4%B0/KALFALIK/endustriyel_cam.pdf"
"serbest_seramik_sekillendirme.pdf","https://raw.githubusercontent.com/atakummesem-web/ustalik_kalfalik_sinav_kriterleri/main/SERAM%C4%B0K%20VE%20CAM%20TEKNOLOJ%C4%B0S%C4%B0/KALFALIK/serbest_seramik_sekillendirme.pdf","http://www.seninsiten.com/kriterler/SERAM%C4%B0K%20VE%20CAM%20TEKNOLOJ%C4%B0S%C4%B0/KALFALIK/serbest_seramik_sekillendirme.pdf"
"sir_ustu_dekorlama.pdf","https://raw.githubusercontent.com/atakummesem-web/ustalik_kalfalik_sinav_kriterleri/main/SERAM%C4%B0K%20VE%20CAM%20TEKNOLOJ%C4%B0S%C4%B0/KALFALIK/sir_ustu_dekorlama.pdf","http://www.seninsiten.com/kriterler/SERAM%C4%B0K%20VE%20CAM%20TEKNOLOJ%C4%B0S%C4%B0/KALFALIK/sir_ustu_dekorlama.pdf"
"tornada_form_sekillendirme.pdf","https://raw.githubusercontent.com/atakummesem-web/ustalik_kalfalik_sinav_kriterleri/main/SERAM%C4%B0K%20VE%20CAM%20TEKNOLOJ%C4%B0S%C4%B0/KALFALIK/tornada_form_sekillendirme.pdf","http://www.seninsiten.com/kriterler/SERAM%C4%B0K%20VE%20CAM%20TEKNOLOJ%C4%B0S%C4%B0/KALFALIK/tornada_form_sekillendirme.pdf"
"alci_model_kalip.pdf","https://raw.githubusercontent.com/atakummesem-web/ustalik_kalfalik_sinav_kriterleri/main/SERAM%C4%B0K%20VE%20CAM%20TEKNOLOJ%C4%B0S%C4%B0/USTALIK/alci_model_kalip.pdf","http://www.seninsiten.com/kriterler/SERAM%C4%B0K%20VE%20CAM%20TEKNOLOJ%C4%B0S%C4%B0/USTALIK/alci_model_kalip.pdf"
"cinicilik.pdf","https://raw.githubusercontent.com/atakummesem-web/ustalik_kalfalik_sinav_kriterleri/main/SERAM%C4%B0K%20VE%20CAM%20TEKNOLOJ%C4%B0S%C4%B0/USTALIK/cinicilik.pdf","http://www.seninsiten.com/kriterler/SERAM%C4%B0K%20VE%20CAM%20TEKNOLOJ%C4%B0S%C4%B0/USTALIK/cinicilik.pdf"
"dekoratif_cam.pdf","https://raw.githubusercontent.com/atakummesem-web/ustalik_kalfalik_sinav_kriterleri/main/SERAM%C4%B0K%20VE%20CAM%20TEKNOLOJ%C4%B0S%C4%B0/USTALIK/dekoratif_cam.pdf","http://www.seninsiten.com/kriterler/SERAM%C4%B0K%20VE%20CAM%20TEKNOLOJ%C4%B0S%C4%B0/USTALIK/dekoratif_cam.pdf"
"endustriyel_cam.pdf","https://raw.githubusercontent.com/atakummesem-web/ustalik_kalfalik_sinav_kriterleri/main/SERAM%C4%B0K%20VE%20CAM%20TEKNOLOJ%C4%B0S%C4%B0/USTALIK/endustriyel_cam.pdf","http://www.seninsiten.com/kriterler/SERAM%C4%B0K%20VE%20CAM%20TEKNOLOJ%C4%B0S%C4%B0/USTALIK/endustriyel_cam.pdf"
"serbest_seramik_sekillendirme.pdf","https://raw.githubusercontent.com/atakummesem-web/ustalik_kalfalik_sinav_kriterleri/main/SERAM%C4%B0K%20VE%20CAM%20TEKNOLOJ%C4%B0S%C4%B0/USTALIK/serbest_seramik_sekillendirme.pdf","http://www.seninsiten.com/kriterler/SERAM%C4%B0K%20VE%20CAM%20TEKNOLOJ%C4%B0S%C4%B0/USTALIK/serbest_seramik_sekillendirme.pdf"
"sir_ustu_dekorlama.pdf","https://raw.githubusercontent.com/atakummesem-web/ustalik_kalfalik_sinav_kriterleri/main/SERAM%C4%B0K%20VE%20CAM%20TEKNOLOJ%C4%B0S%C4%B0/USTALIK/sir_ustu_dekorlama.pdf","http://www.seninsiten.com/kriterler/SERAM%C4%B0K%20VE%20CAM%20TEKNOLOJ%C4%B0S%C4%B0/USTALIK/sir_ustu_dekorlama.pdf"
"tornada_form_sekillendirme.pdf","https://raw.githubusercontent.com/atakummesem-web/ustalik_kalfalik_sinav_kriterleri/main/SERAM%C4%B0K%20VE%20CAM%20TEKNOLOJ%C4%B0S%C4%B0/USTALIK/tornada_form_sekillendirme.pdf","http://www.seninsiten.com/kriterler/SERAM%C4%B0K%20VE%20CAM%20TEKNOLOJ%C4%B0S%C4%B0/USTALIK/tornada_form_sekillendirme.pdf"
"bagcilik.pdf","https://raw.githubusercontent.com/atakummesem-web/ustalik_kalfalik_sinav_kriterleri/main/TARIM/Kalfal%C4%B1k/bagcilik.pdf","http://www.seninsiten.com/kriterler/TARIM/Kalfal%C4%B1k/bagcilik.pdf"
"bahcivanlik.pdf","https://raw.githubusercontent.com/atakummesem-web/ustalik_kalfalik_sinav_kriterleri/main/TARIM/Kalfal%C4%B1k/bahcivanlik.pdf","http://www.seninsiten.com/kriterler/TARIM/Kalfal%C4%B1k/bahcivanlik.pdf"
"cay_yetistiriciligi.pdf","https://raw.githubusercontent.com/atakummesem-web/ustalik_kalfalik_sinav_kriterleri/main/TARIM/Kalfal%C4%B1k/cay_yetistiriciligi.pdf","http://www.seninsiten.com/kriterler/TARIM/Kalfal%C4%B1k/cay_yetistiriciligi.pdf"
"endustri_bitkileri_yatistiriciligi.pdf","https://raw.githubusercontent.com/atakummesem-web/ustalik_kalfalik_sinav_kriterleri/main/TARIM/Kalfal%C4%B1k/endustri_bitkileri_yatistiriciligi.pdf","http://www.seninsiten.com/kriterler/TARIM/Kalfal%C4%B1k/endustri_bitkileri_yatistiriciligi.pdf"
"mantar_yatistiriciligi.pdf","https://raw.githubusercontent.com/atakummesem-web/ustalik_kalfalik_sinav_kriterleri/main/TARIM/Kalfal%C4%B1k/mantar_yatistiriciligi.pdf","http://www.seninsiten.com/kriterler/TARIM/Kalfal%C4%B1k/mantar_yatistiriciligi.pdf"
"meyve_yatistiriciligi.pdf","https://raw.githubusercontent.com/atakummesem-web/ustalik_kalfalik_sinav_kriterleri/main/TARIM/Kalfal%C4%B1k/meyve_yatistiriciligi.pdf","http://www.seninsiten.com/kriterler/TARIM/Kalfal%C4%B1k/meyve_yatistiriciligi.pdf"
"orman_yetistiriciligi.pdf","https://raw.githubusercontent.com/atakummesem-web/ustalik_kalfalik_sinav_kriterleri/main/TARIM/Kalfal%C4%B1k/orman_yetistiriciligi.pdf","http://www.seninsiten.com/kriterler/TARIM/Kalfal%C4%B1k/orman_yetistiriciligi.pdf"
"sebze_yatistiriciligi.pdf","https://raw.githubusercontent.com/atakummesem-web/ustalik_kalfalik_sinav_kriterleri/main/TARIM/Kalfal%C4%B1k/sebze_yatistiriciligi.pdf","http://www.seninsiten.com/kriterler/TARIM/Kalfal%C4%B1k/sebze_yatistiriciligi.pdf"
"seracilik.pdf","https://raw.githubusercontent.com/atakummesem-web/ustalik_kalfalik_sinav_kriterleri/main/TARIM/Kalfal%C4%B1k/seracilik.pdf","http://www.seninsiten.com/kriterler/TARIM/Kalfal%C4%B1k/seracilik.pdf"
"sus_bitkileri.pdf","https://raw.githubusercontent.com/atakummesem-web/ustalik_kalfalik_sinav_kriterleri/main/TARIM/Kalfal%C4%B1k/sus_bitkileri.pdf","http://www.seninsiten.com/kriterler/TARIM/Kalfal%C4%B1k/sus_bitkileri.pdf"
"tarla_bitkileri_yetistiriciligi_kalfalik.pdf","https://raw.githubusercontent.com/atakummesem-web/ustalik_kalfalik_sinav_kriterleri/main/TARIM/Kalfal%C4%B1k/tarla_bitkileri_yetistiriciligi_kalfalik.pdf","http://www.seninsiten.com/kriterler/TARIM/Kalfal%C4%B1k/tarla_bitkileri_yetistiriciligi_kalfalik.pdf"
"tibbi_aromatik_bitkiler_yetistiriciligi.pdf","https://raw.githubusercontent.com/atakummesem-web/ustalik_kalfalik_sinav_kriterleri/main/TARIM/Kalfal%C4%B1k/tibbi_aromatik_bitkiler_yetistiriciligi.pdf","http://www.seninsiten.com/kriterler/TARIM/Kalfal%C4%B1k/tibbi_aromatik_bitkiler_yetistiriciligi.pdf"
"bagcilik.pdf","https://raw.githubusercontent.com/atakummesem-web/ustalik_kalfalik_sinav_kriterleri/main/TARIM/Ustal%C4%B1k/bagcilik.pdf","http://www.seninsiten.com/kriterler/TARIM/Ustal%C4%B1k/bagcilik.pdf"
"bahcivanlik.pdf","https://raw.githubusercontent.com/atakummesem-web/ustalik_kalfalik_sinav_kriterleri/main/TARIM/Ustal%C4%B1k/bahcivanlik.pdf","http://www.seninsiten.com/kriterler/TARIM/Ustal%C4%B1k/bahcivanlik.pdf"
"cay_yetistiriciligi.pdf","https://raw.githubusercontent.com/atakummesem-web/ustalik_kalfalik_sinav_kriterleri/main/TARIM/Ustal%C4%B1k/cay_yetistiriciligi.pdf","http://www.seninsiten.com/kriterler/TARIM/Ustal%C4%B1k/cay_yetistiriciligi.pdf"
"endustri_bitkileri_yatistiriciligi.pdf","https://raw.githubusercontent.com/atakummesem-web/ustalik_kalfalik_sinav_kriterleri/main/TARIM/Ustal%C4%B1k/endustri_bitkileri_yatistiriciligi.pdf","http://www.seninsiten.com/kriterler/TARIM/Ustal%C4%B1k/endustri_bitkileri_yatistiriciligi.pdf"
"mantar_yetistiriciligi.pdf","https://raw.githubusercontent.com/atakummesem-web/ustalik_kalfalik_sinav_kriterleri/main/TARIM/Ustal%C4%B1k/mantar_yetistiriciligi.pdf","http://www.seninsiten.com/kriterler/TARIM/Ustal%C4%B1k/mantar_yetistiriciligi.pdf"
"meyve_yetistiriciligi.pdf","https://raw.githubusercontent.com/atakummesem-web/ustalik_kalfalik_sinav_kriterleri/main/TARIM/Ustal%C4%B1k/meyve_yetistiriciligi.pdf","http://www.seninsiten.com/kriterler/TARIM/Ustal%C4%B1k/meyve_yetistiriciligi.pdf"
"orman_yetistiriciligi.pdf","https://raw.githubusercontent.com/atakummesem-web/ustalik_kalfalik_sinav_kriterleri/main/TARIM/Ustal%C4%B1k/orman_yetistiriciligi.pdf","http://www.seninsiten.com/kriterler/TARIM/Ustal%C4%B1k/orman_yetistiriciligi.pdf"
"sebze_yetisitiriciligi.pdf","https://raw.githubusercontent.com/atakummesem-web/ustalik_kalfalik_sinav_kriterleri/main/TARIM/Ustal%C4%B1k/sebze_yetisitiriciligi.pdf","http://www.seninsiten.com/kriterler/TARIM/Ustal%C4%B1k/sebze_yetisitiriciligi.pdf"
"seracilik.pdf","https://raw.githubusercontent.com/atakummesem-web/ustalik_kalfalik_sinav_kriterleri/main/TARIM/Ustal%C4%B1k/seracilik.pdf","http://www.seninsiten.com/kriterler/TARIM/Ustal%C4%B1k/seracilik.pdf"
"sus_bitkileri.pdf","https://raw.githubusercontent.com/atakummesem-web/ustalik_kalfalik_sinav_kriterleri/main/TARIM/Ustal%C4%B1k/sus_bitkileri.pdf","http://www.seninsiten.com/kriterler/TARIM/Ustal%C4%B1k/sus_bitkileri.pdf"
"tarla_bitkileri_yetistiriciligi_ustalik.pdf","https://raw.githubusercontent.com/atakummesem-web/ustalik_kalfalik_sinav_kriterleri/main/TARIM/Ustal%C4%B1k/tarla_bitkileri_yetistiriciligi_ustalik.pdf","http://www.seninsiten.com/kriterler/TARIM/Ustal%C4%B1k/tarla_bitkileri_yetistiriciligi_ustalik.pdf"
"tibbi_aromatik_bitkiler_yatistiriciligi.pdf","https://raw.githubusercontent.com/atakummesem-web/ustalik_kalfalik_sinav_kriterleri/main/TARIM/Ustal%C4%B1k/tibbi_aromatik_bitkiler_yatistiriciligi.pdf","http://www.seninsiten.com/kriterler/TARIM/Ustal%C4%B1k/tibbi_aromatik_bitkiler_yatistiriciligi.pdf"
"dokuma_operatorlugu.pdf","https://raw.githubusercontent.com/atakummesem-web/ustalik_kalfalik_sinav_kriterleri/main/TEKST%C4%B0L%20TEKNOLOJ%C4%B0S%C4%B0/KALFALIK/dokuma_operatorlugu.pdf","http://www.seninsiten.com/kriterler/TEKST%C4%B0L%20TEKNOLOJ%C4%B0S%C4%B0/KALFALIK/dokuma_operatorlugu.pdf"
"dokusuz_yuzeyler.pdf","https://raw.githubusercontent.com/atakummesem-web/ustalik_kalfalik_sinav_kriterleri/main/TEKST%C4%B0L%20TEKNOLOJ%C4%B0S%C4%B0/KALFALIK/dokusuz_yuzeyler.pdf","http://www.seninsiten.com/kriterler/TEKST%C4%B0L%20TEKNOLOJ%C4%B0S%C4%B0/KALFALIK/dokusuz_yuzeyler.pdf"
"endustriyel_corap_orme.pdf","https://raw.githubusercontent.com/atakummesem-web/ustalik_kalfalik_sinav_kriterleri/main/TEKST%C4%B0L%20TEKNOLOJ%C4%B0S%C4%B0/KALFALIK/endustriyel_corap_orme.pdf","http://www.seninsiten.com/kriterler/TEKST%C4%B0L%20TEKNOLOJ%C4%B0S%C4%B0/KALFALIK/endustriyel_corap_orme.pdf"
"endustriyel_duz_orme.pdf","https://raw.githubusercontent.com/atakummesem-web/ustalik_kalfalik_sinav_kriterleri/main/TEKST%C4%B0L%20TEKNOLOJ%C4%B0S%C4%B0/KALFALIK/endustriyel_duz_orme.pdf","http://www.seninsiten.com/kriterler/TEKST%C4%B0L%20TEKNOLOJ%C4%B0S%C4%B0/KALFALIK/endustriyel_duz_orme.pdf"
"endustriyel_yuvarlak_orme.pdf","https://raw.githubusercontent.com/atakummesem-web/ustalik_kalfalik_sinav_kriterleri/main/TEKST%C4%B0L%20TEKNOLOJ%C4%B0S%C4%B0/KALFALIK/endustriyel_yuvarlak_orme.pdf","http://www.seninsiten.com/kriterler/TEKST%C4%B0L%20TEKNOLOJ%C4%B0S%C4%B0/KALFALIK/endustriyel_yuvarlak_orme.pdf"
"iplik_uretim_teknolojisi.pdf","https://raw.githubusercontent.com/atakummesem-web/ustalik_kalfalik_sinav_kriterleri/main/TEKST%C4%B0L%20TEKNOLOJ%C4%B0S%C4%B0/KALFALIK/iplik_uretim_teknolojisi.pdf","http://www.seninsiten.com/kriterler/TEKST%C4%B0L%20TEKNOLOJ%C4%B0S%C4%B0/KALFALIK/iplik_uretim_teknolojisi.pdf"
"tekstil_baski_ve_desenciligi.pdf","https://raw.githubusercontent.com/atakummesem-web/ustalik_kalfalik_sinav_kriterleri/main/TEKST%C4%B0L%20TEKNOLOJ%C4%B0S%C4%B0/KALFALIK/tekstil_baski_ve_desenciligi.pdf","http://www.seninsiten.com/kriterler/TEKST%C4%B0L%20TEKNOLOJ%C4%B0S%C4%B0/KALFALIK/tekstil_baski_ve_desenciligi.pdf"
"tekstil_bitim_islemleri_apre.pdf","https://raw.githubusercontent.com/atakummesem-web/ustalik_kalfalik_sinav_kriterleri/main/TEKST%C4%B0L%20TEKNOLOJ%C4%B0S%C4%B0/KALFALIK/tekstil_bitim_islemleri_apre.pdf","http://www.seninsiten.com/kriterler/TEKST%C4%B0L%20TEKNOLOJ%C4%B0S%C4%B0/KALFALIK/tekstil_bitim_islemleri_apre.pdf"
"tekstil_boyaciligi.pdf","https://raw.githubusercontent.com/atakummesem-web/ustalik_kalfalik_sinav_kriterleri/main/TEKST%C4%B0L%20TEKNOLOJ%C4%B0S%C4%B0/KALFALIK/tekstil_boyaciligi.pdf","http://www.seninsiten.com/kriterler/TEKST%C4%B0L%20TEKNOLOJ%C4%B0S%C4%B0/KALFALIK/tekstil_boyaciligi.pdf"
"dokuma_operatorlugu.pdf","https://raw.githubusercontent.com/atakummesem-web/ustalik_kalfalik_sinav_kriterleri/main/TEKST%C4%B0L%20TEKNOLOJ%C4%B0S%C4%B0/USTALIK/dokuma_operatorlugu.pdf","http://www.seninsiten.com/kriterler/TEKST%C4%B0L%20TEKNOLOJ%C4%B0S%C4%B0/USTALIK/dokuma_operatorlugu.pdf"
"dokusuz_yuzeyler.pdf","https://raw.githubusercontent.com/atakummesem-web/ustalik_kalfalik_sinav_kriterleri/main/TEKST%C4%B0L%20TEKNOLOJ%C4%B0S%C4%B0/USTALIK/dokusuz_yuzeyler.pdf","http://www.seninsiten.com/kriterler/TEKST%C4%B0L%20TEKNOLOJ%C4%B0S%C4%B0/USTALIK/dokusuz_yuzeyler.pdf"
"endustriyel_corap_orme.pdf","https://raw.githubusercontent.com/atakummesem-web/ustalik_kalfalik_sinav_kriterleri/main/TEKST%C4%B0L%20TEKNOLOJ%C4%B0S%C4%B0/USTALIK/endustriyel_corap_orme.pdf","http://www.seninsiten.com/kriterler/TEKST%C4%B0L%20TEKNOLOJ%C4%B0S%C4%B0/USTALIK/endustriyel_corap_orme.pdf"
"endustriyel_duz_orme.pdf","https://raw.githubusercontent.com/atakummesem-web/ustalik_kalfalik_sinav_kriterleri/main/TEKST%C4%B0L%20TEKNOLOJ%C4%B0S%C4%B0/USTALIK/endustriyel_duz_orme.pdf","http://www.seninsiten.com/kriterler/TEKST%C4%B0L%20TEKNOLOJ%C4%B0S%C4%B0/USTALIK/endustriyel_duz_orme.pdf"
"endustriyel_yuvarlak_orme.pdf","https://raw.githubusercontent.com/atakummesem-web/ustalik_kalfalik_sinav_kriterleri/main/TEKST%C4%B0L%20TEKNOLOJ%C4%B0S%C4%B0/USTALIK/endustriyel_yuvarlak_orme.pdf","http://www.seninsiten.com/kriterler/TEKST%C4%B0L%20TEKNOLOJ%C4%B0S%C4%B0/USTALIK/endustriyel_yuvarlak_orme.pdf"
"iplik_uretim_teknolojisi.pdf","https://raw.githubusercontent.com/atakummesem-web/ustalik_kalfalik_sinav_kriterleri/main/TEKST%C4%B0L%20TEKNOLOJ%C4%B0S%C4%B0/USTALIK/iplik_uretim_teknolojisi.pdf","http://www.seninsiten.com/kriterler/TEKST%C4%B0L%20TEKNOLOJ%C4%B0S%C4%B0/USTALIK/iplik_uretim_teknolojisi.pdf"
"tekstil_baski_ve_desenciligi.pdf","https://raw.githubusercontent.com/atakummesem-web/ustalik_kalfalik_sinav_kriterleri/main/TEKST%C4%B0L%20TEKNOLOJ%C4%B0S%C4%B0/USTALIK/tekstil_baski_ve_desenciligi.pdf","http://www.seninsiten.com/kriterler/TEKST%C4%B0L%20TEKNOLOJ%C4%B0S%C4%B0/USTALIK/tekstil_baski_ve_desenciligi.pdf"
"tekstil_bitim_islemleri_apre.pdf","https://raw.githubusercontent.com/atakummesem-web/ustalik_kalfalik_sinav_kriterleri/main/TEKST%C4%B0L%20TEKNOLOJ%C4%B0S%C4%B0/USTALIK/tekstil_bitim_islemleri_apre.pdf","http://www.seninsiten.com/kriterler/TEKST%C4%B0L%20TEKNOLOJ%C4%B0S%C4%B0/USTALIK/tekstil_bitim_islemleri_apre.pdf"
"tekstil_boyaciligi.pdf","https://raw.githubusercontent.com/atakummesem-web/ustalik_kalfalik_sinav_kriterleri/main/TEKST%C4%B0L%20TEKNOLOJ%C4%B0S%C4%B0/USTALIK/tekstil_boyaciligi.pdf","http://www.seninsiten.com/kriterler/TEKST%C4%B0L%20TEKNOLOJ%C4%B0S%C4%B0/USTALIK/tekstil_boyaciligi.pdf"
"tekstil_laborantligi.pdf","https://raw.githubusercontent.com/atakummesem-web/ustalik_kalfalik_sinav_kriterleri/main/TEKST%C4%B0L%20TEKNOLOJ%C4%B0S%C4%B0/USTALIK/tekstil_laborantligi.pdf","http://www.seninsiten.com/kriterler/TEKST%C4%B0L%20TEKNOLOJ%C4%B0S%C4%B0/USTALIK/tekstil_laborantligi.pdf"
"gaz_tesisat_sistemleri.pdf","https://raw.githubusercontent.com/atakummesem-web/ustalik_kalfalik_sinav_kriterleri/main/TES%C4%B0SAT%20TEKNOLOJ%C4%B0S%C4%B0%20VE%20%C4%B0KL%C4%B0MLEND%C4%B0RME/KALFALIK/gaz_tesisat_sistemleri.pdf","http://www.seninsiten.com/kriterler/TES%C4%B0SAT%20TEKNOLOJ%C4%B0S%C4%B0%20VE%20%C4%B0KL%C4%B0MLEND%C4%B0RME/KALFALIK/gaz_tesisat_sistemleri.pdf"
"gaz_yakici_cihazlar_ve_servis.pdf","https://raw.githubusercontent.com/atakummesem-web/ustalik_kalfalik_sinav_kriterleri/main/TES%C4%B0SAT%20TEKNOLOJ%C4%B0S%C4%B0%20VE%20%C4%B0KL%C4%B0MLEND%C4%B0RME/KALFALIK/gaz_yakici_cihazlar_ve_servis.pdf","http://www.seninsiten.com/kriterler/TES%C4%B0SAT%20TEKNOLOJ%C4%B0S%C4%B0%20VE%20%C4%B0KL%C4%B0MLEND%C4%B0RME/KALFALIK/gaz_yakici_cihazlar_ve_servis.pdf"
"gunes_enerjisi_ve_tesisat_sistemleri.pdf","https://raw.githubusercontent.com/atakummesem-web/ustalik_kalfalik_sinav_kriterleri/main/TES%C4%B0SAT%20TEKNOLOJ%C4%B0S%C4%B0%20VE%20%C4%B0KL%C4%B0MLEND%C4%B0RME/KALFALIK/gunes_enerjisi_ve_tesisat_sistemleri.pdf","http://www.seninsiten.com/kriterler/TES%C4%B0SAT%20TEKNOLOJ%C4%B0S%C4%B0%20VE%20%C4%B0KL%C4%B0MLEND%C4%B0RME/KALFALIK/gunes_enerjisi_ve_tesisat_sistemleri.pdf"
"iklimlendirme_sistemleri.pdf","https://raw.githubusercontent.com/atakummesem-web/ustalik_kalfalik_sinav_kriterleri/main/TES%C4%B0SAT%20TEKNOLOJ%C4%B0S%C4%B0%20VE%20%C4%B0KL%C4%B0MLEND%C4%B0RME/KALFALIK/iklimlendirme_sistemleri.pdf","http://www.seninsiten.com/kriterler/TES%C4%B0SAT%20TEKNOLOJ%C4%B0S%C4%B0%20VE%20%C4%B0KL%C4%B0MLEND%C4%B0RME/KALFALIK/iklimlendirme_sistemleri.pdf"
"isitma_ve_sihhi_tesisat_sistemleri.pdf","https://raw.githubusercontent.com/atakummesem-web/ustalik_kalfalik_sinav_kriterleri/main/TES%C4%B0SAT%20TEKNOLOJ%C4%B0S%C4%B0%20VE%20%C4%B0KL%C4%B0MLEND%C4%B0RME/KALFALIK/isitma_ve_sihhi_tesisat_sistemleri.pdf","http://www.seninsiten.com/kriterler/TES%C4%B0SAT%20TEKNOLOJ%C4%B0S%C4%B0%20VE%20%C4%B0KL%C4%B0MLEND%C4%B0RME/KALFALIK/isitma_ve_sihhi_tesisat_sistemleri.pdf"
"kazan_yakma_ve_bakimi.pdf","https://raw.githubusercontent.com/atakummesem-web/ustalik_kalfalik_sinav_kriterleri/main/TES%C4%B0SAT%20TEKNOLOJ%C4%B0S%C4%B0%20VE%20%C4%B0KL%C4%B0MLEND%C4%B0RME/KALFALIK/kazan_yakma_ve_bakimi.pdf","http://www.seninsiten.com/kriterler/TES%C4%B0SAT%20TEKNOLOJ%C4%B0S%C4%B0%20VE%20%C4%B0KL%C4%B0MLEND%C4%B0RME/KALFALIK/kazan_yakma_ve_bakimi.pdf"
"sogutma_sistemleri.pdf","https://raw.githubusercontent.com/atakummesem-web/ustalik_kalfalik_sinav_kriterleri/main/TES%C4%B0SAT%20TEKNOLOJ%C4%B0S%C4%B0%20VE%20%C4%B0KL%C4%B0MLEND%C4%B0RME/KALFALIK/sogutma_sistemleri.pdf","http://www.seninsiten.com/kriterler/TES%C4%B0SAT%20TEKNOLOJ%C4%B0S%C4%B0%20VE%20%C4%B0KL%C4%B0MLEND%C4%B0RME/KALFALIK/sogutma_sistemleri.pdf"
"su_aritma_sistemleri.pdf","https://raw.githubusercontent.com/atakummesem-web/ustalik_kalfalik_sinav_kriterleri/main/TES%C4%B0SAT%20TEKNOLOJ%C4%B0S%C4%B0%20VE%20%C4%B0KL%C4%B0MLEND%C4%B0RME/KALFALIK/su_aritma_sistemleri.pdf","http://www.seninsiten.com/kriterler/TES%C4%B0SAT%20TEKNOLOJ%C4%B0S%C4%B0%20VE%20%C4%B0KL%C4%B0MLEND%C4%B0RME/KALFALIK/su_aritma_sistemleri.pdf"
"gaz_tesisat_sistemleri.pdf","https://raw.githubusercontent.com/atakummesem-web/ustalik_kalfalik_sinav_kriterleri/main/TES%C4%B0SAT%20TEKNOLOJ%C4%B0S%C4%B0%20VE%20%C4%B0KL%C4%B0MLEND%C4%B0RME/USTALIK/gaz_tesisat_sistemleri.pdf","http://www.seninsiten.com/kriterler/TES%C4%B0SAT%20TEKNOLOJ%C4%B0S%C4%B0%20VE%20%C4%B0KL%C4%B0MLEND%C4%B0RME/USTALIK/gaz_tesisat_sistemleri.pdf"
"gaz_yakici_cihazlar_ve_servis.pdf","https://raw.githubusercontent.com/atakummesem-web/ustalik_kalfalik_sinav_kriterleri/main/TES%C4%B0SAT%20TEKNOLOJ%C4%B0S%C4%B0%20VE%20%C4%B0KL%C4%B0MLEND%C4%B0RME/USTALIK/gaz_yakici_cihazlar_ve_servis.pdf","http://www.seninsiten.com/kriterler/TES%C4%B0SAT%20TEKNOLOJ%C4%B0S%C4%B0%20VE%20%C4%B0KL%C4%B0MLEND%C4%B0RME/USTALIK/gaz_yakici_cihazlar_ve_servis.pdf"
"gunes_enerjisi_ve_tesisat_sistemleri.pdf","https://raw.githubusercontent.com/atakummesem-web/ustalik_kalfalik_sinav_kriterleri/main/TES%C4%B0SAT%20TEKNOLOJ%C4%B0S%C4%B0%20VE%20%C4%B0KL%C4%B0MLEND%C4%B0RME/USTALIK/gunes_enerjisi_ve_tesisat_sistemleri.pdf","http://www.seninsiten.com/kriterler/TES%C4%B0SAT%20TEKNOLOJ%C4%B0S%C4%B0%20VE%20%C4%B0KL%C4%B0MLEND%C4%B0RME/USTALIK/gunes_enerjisi_ve_tesisat_sistemleri.pdf"
"iklimlendirme_sistemleri.pdf","https://raw.githubusercontent.com/atakummesem-web/ustalik_kalfalik_sinav_kriterleri/main/TES%C4%B0SAT%20TEKNOLOJ%C4%B0S%C4%B0%20VE%20%C4%B0KL%C4%B0MLEND%C4%B0RME/USTALIK/iklimlendirme_sistemleri.pdf","http://www.seninsiten.com/kriterler/TES%C4%B0SAT%20TEKNOLOJ%C4%B0S%C4%B0%20VE%20%C4%B0KL%C4%B0MLEND%C4%B0RME/USTALIK/iklimlendirme_sistemleri.pdf"
"isitma_ve_sihhi_tesisat_sistemleri.pdf","https://raw.githubusercontent.com/atakummesem-web/ustalik_kalfalik_sinav_kriterleri/main/TES%C4%B0SAT%20TEKNOLOJ%C4%B0S%C4%B0%20VE%20%C4%B0KL%C4%B0MLEND%C4%B0RME/USTALIK/isitma_ve_sihhi_tesisat_sistemleri.pdf","http://www.seninsiten.com/kriterler/TES%C4%B0SAT%20TEKNOLOJ%C4%B0S%C4%B0%20VE%20%C4%B0KL%C4%B0MLEND%C4%B0RME/USTALIK/isitma_ve_sihhi_tesisat_sistemleri.pdf"
"kazan_yakma_ve_bakimi.pdf","https://raw.githubusercontent.com/atakummesem-web/ustalik_kalfalik_sinav_kriterleri/main/TES%C4%B0SAT%20TEKNOLOJ%C4%B0S%C4%B0%20VE%20%C4%B0KL%C4%B0MLEND%C4%B0RME/USTALIK/kazan_yakma_ve_bakimi.pdf","http://www.seninsiten.com/kriterler/TES%C4%B0SAT%20TEKNOLOJ%C4%B0S%C4%B0%20VE%20%C4%B0KL%C4%B0MLEND%C4%B0RME/USTALIK/kazan_yakma_ve_bakimi.pdf"
"sogutma_sistemleri.pdf","https://raw.githubusercontent.com/atakummesem-web/ustalik_kalfalik_sinav_kriterleri/main/TES%C4%B0SAT%20TEKNOLOJ%C4%B0S%C4%B0%20VE%20%C4%B0KL%C4%B0MLEND%C4%B0RME/USTALIK/sogutma_sistemleri.pdf","http://www.seninsiten.com/kriterler/TES%C4%B0SAT%20TEKNOLOJ%C4%B0S%C4%B0%20VE%20%C4%B0KL%C4%B0MLEND%C4%B0RME/USTALIK/sogutma_sistemleri.pdf"
"su_aritma_sistemleri.pdf","https://raw.githubusercontent.com/atakummesem-web/ustalik_kalfalik_sinav_kriterleri/main/TES%C4%B0SAT%20TEKNOLOJ%C4%B0S%C4%B0%20VE%20%C4%B0KL%C4%B0MLEND%C4%B0RME/USTALIK/su_aritma_sistemleri.pdf","http://www.seninsiten.com/kriterler/TES%C4%B0SAT%20TEKNOLOJ%C4%B0S%C4%B0%20VE%20%C4%B0KL%C4%B0MLEND%C4%B0RME/USTALIK/su_aritma_sistemleri.pdf"
"Lojistik.pdf","https://raw.githubusercontent.com/atakummesem-web/ustalik_kalfalik_sinav_kriterleri/main/ULA%C5%9ETIRMA%20H%C4%B0ZMETLER%C4%B0/KALFALIK/Lojistik.pdf","http://www.seninsiten.com/kriterler/ULA%C5%9ETIRMA%20H%C4%B0ZMETLER%C4%B0/KALFALIK/Lojistik.pdf"
"Lojistik.pdf","https://raw.githubusercontent.com/atakummesem-web/ustalik_kalfalik_sinav_kriterleri/main/ULA%C5%9ETIRMA%20H%C4%B0ZMETLER%C4%B0/USTALIK/Lojistik.pdf","http://www.seninsiten.com/kriterler/ULA%C5%9ETIRMA%20H%C4%B0ZMETLER%C4%B0/USTALIK/Lojistik.pdf"
"ascilik.pdf","https://raw.githubusercontent.com/atakummesem-web/ustalik_kalfalik_sinav_kriterleri/main/Y%C4%B0YECEK%20%C4%B0%C3%87ECEK%20H%C4%B0ZMETLER%C4%B0/KALFALIK/ascilik.pdf","http://www.seninsiten.com/kriterler/Y%C4%B0YECEK%20%C4%B0%C3%87ECEK%20H%C4%B0ZMETLER%C4%B0/KALFALIK/ascilik.pdf"
"firincilik.pdf","https://raw.githubusercontent.com/atakummesem-web/ustalik_kalfalik_sinav_kriterleri/main/Y%C4%B0YECEK%20%C4%B0%C3%87ECEK%20H%C4%B0ZMETLER%C4%B0/KALFALIK/firincilik.pdf","http://www.seninsiten.com/kriterler/Y%C4%B0YECEK%20%C4%B0%C3%87ECEK%20H%C4%B0ZMETLER%C4%B0/KALFALIK/firincilik.pdf"
"kantin_isletmeciligi.pdf","https://raw.githubusercontent.com/atakummesem-web/ustalik_kalfalik_sinav_kriterleri/main/Y%C4%B0YECEK%20%C4%B0%C3%87ECEK%20H%C4%B0ZMETLER%C4%B0/KALFALIK/kantin_isletmeciligi.pdf","http://www.seninsiten.com/kriterler/Y%C4%B0YECEK%20%C4%B0%C3%87ECEK%20H%C4%B0ZMETLER%C4%B0/KALFALIK/kantin_isletmeciligi.pdf"
"kasaplik.pdf","https://raw.githubusercontent.com/atakummesem-web/ustalik_kalfalik_sinav_kriterleri/main/Y%C4%B0YECEK%20%C4%B0%C3%87ECEK%20H%C4%B0ZMETLER%C4%B0/KALFALIK/kasaplik.pdf","http://www.seninsiten.com/kriterler/Y%C4%B0YECEK%20%C4%B0%C3%87ECEK%20H%C4%B0ZMETLER%C4%B0/KALFALIK/kasaplik.pdf"
"pasta_ve_tatli_yapimi.pdf","https://raw.githubusercontent.com/atakummesem-web/ustalik_kalfalik_sinav_kriterleri/main/Y%C4%B0YECEK%20%C4%B0%C3%87ECEK%20H%C4%B0ZMETLER%C4%B0/KALFALIK/pasta_ve_tatli_yapimi.pdf","http://www.seninsiten.com/kriterler/Y%C4%B0YECEK%20%C4%B0%C3%87ECEK%20H%C4%B0ZMETLER%C4%B0/KALFALIK/pasta_ve_tatli_yapimi.pdf"
"Servis.pdf","https://raw.githubusercontent.com/atakummesem-web/ustalik_kalfalik_sinav_kriterleri/main/Y%C4%B0YECEK%20%C4%B0%C3%87ECEK%20H%C4%B0ZMETLER%C4%B0/KALFALIK/Servis.pdf","http://www.seninsiten.com/kriterler/Y%C4%B0YECEK%20%C4%B0%C3%87ECEK%20H%C4%B0ZMETLER%C4%B0/KALFALIK/Servis.pdf"
"ascilik.pdf","https://raw.githubusercontent.com/atakummesem-web/ustalik_kalfalik_sinav_kriterleri/main/Y%C4%B0YECEK%20%C4%B0%C3%87ECEK%20H%C4%B0ZMETLER%C4%B0/USTALIK/ascilik.pdf","http://www.seninsiten.com/kriterler/Y%C4%B0YECEK%20%C4%B0%C3%87ECEK%20H%C4%B0ZMETLER%C4%B0/USTALIK/ascilik.pdf"
"firincilik.pdf","https://raw.githubusercontent.com/atakummesem-web/ustalik_kalfalik_sinav_kriterleri/main/Y%C4%B0YECEK%20%C4%B0%C3%87ECEK%20H%C4%B0ZMETLER%C4%B0/USTALIK/firincilik.pdf","http://www.seninsiten.com/kriterler/Y%C4%B0YECEK%20%C4%B0%C3%87ECEK%20H%C4%B0ZMETLER%C4%B0/USTALIK/firincilik.pdf"
"kantin_isletmeciligi.pdf","https://raw.githubusercontent.com/atakummesem-web/ustalik_kalfalik_sinav_kriterleri/main/Y%C4%B0YECEK%20%C4%B0%C3%87ECEK%20H%C4%B0ZMETLER%C4%B0/USTALIK/kantin_isletmeciligi.pdf","http://www.seninsiten.com/kriterler/Y%C4%B0YECEK%20%C4%B0%C3%87ECEK%20H%C4%B0ZMETLER%C4%B0/USTALIK/kantin_isletmeciligi.pdf"
"kasaplik.pdf","https://raw.githubusercontent.com/atakummesem-web/ustalik_kalfalik_sinav_kriterleri/main/Y%C4%B0YECEK%20%C4%B0%C3%87ECEK%20H%C4%B0ZMETLER%C4%B0/USTALIK/kasaplik.pdf","http://www.seninsiten.com/kriterler/Y%C4%B0YECEK%20%C4%B0%C3%87ECEK%20H%C4%B0ZMETLER%C4%B0/USTALIK/kasaplik.pdf"
"pasta_ve_tatli_yapimi.pdf","https://raw.githubusercontent.com/atakummesem-web/ustalik_kalfalik_sinav_kriterleri/main/Y%C4%B0YECEK%20%C4%B0%C3%87ECEK%20H%C4%B0ZMETLER%C4%B0/USTALIK/pasta_ve_tatli_yapimi.pdf","http://www.seninsiten.com/kriterler/Y%C4%B0YECEK%20%C4%B0%C3%87ECEK%20H%C4%B0ZMETLER%C4%B0/USTALIK/pasta_ve_tatli_yapimi.pdf"
"Servis.pdf","https://raw.githubusercontent.com/atakummesem-web/ustalik_kalfalik_sinav_kriterleri/main/Y%C4%B0YECEK%20%C4%B0%C3%87ECEK%20H%C4%B0ZMETLER%C4%B0/USTALIK/Servis.pdf","http://www.seninsiten.com/kriterler/Y%C4%B0YECEK%20%C4%B0%C3%87ECEK%20H%C4%B0ZMETLER%C4%B0/USTALIK/Servis.pdf"
"ahsap_yapi_sistemleri_s_1_ahsap_dograma_imalatcisi.pdf","https://raw.githubusercontent.com/atakummesem-web/ustalik_kalfalik_sinav_kriterleri/main/%C4%B0N%C5%9EAAT%20TEKNOLOJ%C4%B0S%C4%B0/KALFALIK/ahsap_yapi_sistemleri_s_1_ahsap_dograma_imalatcisi.pdf","http://www.seninsiten.com/kriterler/%C4%B0N%C5%9EAAT%20TEKNOLOJ%C4%B0S%C4%B0/KALFALIK/ahsap_yapi_sistemleri_s_1_ahsap_dograma_imalatcisi.pdf"
"ahsap_yapi_sistemleri_s_2_ahsap_yapi_imalatcisi.pdf","https://raw.githubusercontent.com/atakummesem-web/ustalik_kalfalik_sinav_kriterleri/main/%C4%B0N%C5%9EAAT%20TEKNOLOJ%C4%B0S%C4%B0/KALFALIK/ahsap_yapi_sistemleri_s_2_ahsap_yapi_imalatcisi.pdf","http://www.seninsiten.com/kriterler/%C4%B0N%C5%9EAAT%20TEKNOLOJ%C4%B0S%C4%B0/KALFALIK/ahsap_yapi_sistemleri_s_2_ahsap_yapi_imalatcisi.pdf"
"ahsap_yapi_sistemleri_s_3_ahsap_yer_dosemecisi.pdf","https://raw.githubusercontent.com/atakummesem-web/ustalik_kalfalik_sinav_kriterleri/main/%C4%B0N%C5%9EAAT%20TEKNOLOJ%C4%B0S%C4%B0/KALFALIK/ahsap_yapi_sistemleri_s_3_ahsap_yer_dosemecisi.pdf","http://www.seninsiten.com/kriterler/%C4%B0N%C5%9EAAT%20TEKNOLOJ%C4%B0S%C4%B0/KALFALIK/ahsap_yapi_sistemleri_s_3_ahsap_yer_dosemecisi.pdf"
"betonarme_kalip_ve_donati_sistemleri_s_1_betonarme_demircisi.pdf","https://raw.githubusercontent.com/atakummesem-web/ustalik_kalfalik_sinav_kriterleri/main/%C4%B0N%C5%9EAAT%20TEKNOLOJ%C4%B0S%C4%B0/KALFALIK/betonarme_kalip_ve_donati_sistemleri_s_1_betonarme_demircisi.pdf","http://www.seninsiten.com/kriterler/%C4%B0N%C5%9EAAT%20TEKNOLOJ%C4%B0S%C4%B0/KALFALIK/betonarme_kalip_ve_donati_sistemleri_s_1_betonarme_demircisi.pdf"
"betonarme_kalip_ve_donati_sistemleri_s_2_betonarme_kalipcisi.pdf","https://raw.githubusercontent.com/atakummesem-web/ustalik_kalfalik_sinav_kriterleri/main/%C4%B0N%C5%9EAAT%20TEKNOLOJ%C4%B0S%C4%B0/KALFALIK/betonarme_kalip_ve_donati_sistemleri_s_2_betonarme_kalipcisi.pdf","http://www.seninsiten.com/kriterler/%C4%B0N%C5%9EAAT%20TEKNOLOJ%C4%B0S%C4%B0/KALFALIK/betonarme_kalip_ve_donati_sistemleri_s_2_betonarme_kalipcisi.pdf"
"betonarme_kalip_ve_donati_sistemleri_s_3_betoncu.pdf","https://raw.githubusercontent.com/atakummesem-web/ustalik_kalfalik_sinav_kriterleri/main/%C4%B0N%C5%9EAAT%20TEKNOLOJ%C4%B0S%C4%B0/KALFALIK/betonarme_kalip_ve_donati_sistemleri_s_3_betoncu.pdf","http://www.seninsiten.com/kriterler/%C4%B0N%C5%9EAAT%20TEKNOLOJ%C4%B0S%C4%B0/KALFALIK/betonarme_kalip_ve_donati_sistemleri_s_3_betoncu.pdf"
"beton_cimento_ve_zemin_teknolojisi_s_1_yapi_lab_teknik_elemani.pdf","https://raw.githubusercontent.com/atakummesem-web/ustalik_kalfalik_sinav_kriterleri/main/%C4%B0N%C5%9EAAT%20TEKNOLOJ%C4%B0S%C4%B0/KALFALIK/beton_cimento_ve_zemin_teknolojisi_s_1_yapi_lab_teknik_elemani.pdf","http://www.seninsiten.com/kriterler/%C4%B0N%C5%9EAAT%20TEKNOLOJ%C4%B0S%C4%B0/KALFALIK/beton_cimento_ve_zemin_teknolojisi_s_1_yapi_lab_teknik_elemani.pdf"
"cati_sistemleri_s_1_ahsap_cati_imalatcisi.pdf","https://raw.githubusercontent.com/atakummesem-web/ustalik_kalfalik_sinav_kriterleri/main/%C4%B0N%C5%9EAAT%20TEKNOLOJ%C4%B0S%C4%B0/KALFALIK/cati_sistemleri_s_1_ahsap_cati_imalatcisi.pdf","http://www.seninsiten.com/kriterler/%C4%B0N%C5%9EAAT%20TEKNOLOJ%C4%B0S%C4%B0/KALFALIK/cati_sistemleri_s_1_ahsap_cati_imalatcisi.pdf"
"cati_sistemleri_s_2_cati_kaplamaci.pdf","https://raw.githubusercontent.com/atakummesem-web/ustalik_kalfalik_sinav_kriterleri/main/%C4%B0N%C5%9EAAT%20TEKNOLOJ%C4%B0S%C4%B0/KALFALIK/cati_sistemleri_s_2_cati_kaplamaci.pdf","http://www.seninsiten.com/kriterler/%C4%B0N%C5%9EAAT%20TEKNOLOJ%C4%B0S%C4%B0/KALFALIK/cati_sistemleri_s_2_cati_kaplamaci.pdf"
"cati_sistemleri_s_3_cati_oluk_ve_yagmur_inis_borusu_montajcisi.pdf","https://raw.githubusercontent.com/atakummesem-web/ustalik_kalfalik_sinav_kriterleri/main/%C4%B0N%C5%9EAAT%20TEKNOLOJ%C4%B0S%C4%B0/KALFALIK/cati_sistemleri_s_3_cati_oluk_ve_yagmur_inis_borusu_montajcisi.pdf","http://www.seninsiten.com/kriterler/%C4%B0N%C5%9EAAT%20TEKNOLOJ%C4%B0S%C4%B0/KALFALIK/cati_sistemleri_s_3_cati_oluk_ve_yagmur_inis_borusu_montajcisi.pdf"
"celik_yapi_teknik_ressamligi_s_1_celik_yapi_teknik_ressami.pdf","https://raw.githubusercontent.com/atakummesem-web/ustalik_kalfalik_sinav_kriterleri/main/%C4%B0N%C5%9EAAT%20TEKNOLOJ%C4%B0S%C4%B0/KALFALIK/celik_yapi_teknik_ressamligi_s_1_celik_yapi_teknik_ressami.pdf","http://www.seninsiten.com/kriterler/%C4%B0N%C5%9EAAT%20TEKNOLOJ%C4%B0S%C4%B0/KALFALIK/celik_yapi_teknik_ressamligi_s_1_celik_yapi_teknik_ressami.pdf"
"cephe_sistemleri_ve_pvc_dograma_s_1_cephe_giydirme_montajcisi.pdf","https://raw.githubusercontent.com/atakummesem-web/ustalik_kalfalik_sinav_kriterleri/main/%C4%B0N%C5%9EAAT%20TEKNOLOJ%C4%B0S%C4%B0/KALFALIK/cephe_sistemleri_ve_pvc_dograma_s_1_cephe_giydirme_montajcisi.pdf","http://www.seninsiten.com/kriterler/%C4%B0N%C5%9EAAT%20TEKNOLOJ%C4%B0S%C4%B0/KALFALIK/cephe_sistemleri_ve_pvc_dograma_s_1_cephe_giydirme_montajcisi.pdf"
"cephe_sistemleri_ve_pvc_dograma_s_2_pvc_dograma_imalat_ve_montajcisi.pdf","https://raw.githubusercontent.com/atakummesem-web/ustalik_kalfalik_sinav_kriterleri/main/%C4%B0N%C5%9EAAT%20TEKNOLOJ%C4%B0S%C4%B0/KALFALIK/cephe_sistemleri_ve_pvc_dograma_s_2_pvc_dograma_imalat_ve_montajcisi.pdf","http://www.seninsiten.com/kriterler/%C4%B0N%C5%9EAAT%20TEKNOLOJ%C4%B0S%C4%B0/KALFALIK/cephe_sistemleri_ve_pvc_dograma_s_2_pvc_dograma_imalat_ve_montajcisi.pdf"
"ic_mekan_teknik_ressamligi_s_1_ic_mekan_teknik_ressami.pdf","https://raw.githubusercontent.com/atakummesem-web/ustalik_kalfalik_sinav_kriterleri/main/%C4%B0N%C5%9EAAT%20TEKNOLOJ%C4%B0S%C4%B0/KALFALIK/ic_mekan_teknik_ressamligi_s_1_ic_mekan_teknik_ressami.pdf","http://www.seninsiten.com/kriterler/%C4%B0N%C5%9EAAT%20TEKNOLOJ%C4%B0S%C4%B0/KALFALIK/ic_mekan_teknik_ressamligi_s_1_ic_mekan_teknik_ressami.pdf"
"mimari_restorasyon_s_1_yapi_restorasyoncusu.pdf","https://raw.githubusercontent.com/atakummesem-web/ustalik_kalfalik_sinav_kriterleri/main/%C4%B0N%C5%9EAAT%20TEKNOLOJ%C4%B0S%C4%B0/KALFALIK/mimari_restorasyon_s_1_yapi_restorasyoncusu.pdf","http://www.seninsiten.com/kriterler/%C4%B0N%C5%9EAAT%20TEKNOLOJ%C4%B0S%C4%B0/KALFALIK/mimari_restorasyon_s_1_yapi_restorasyoncusu.pdf"
"mimari_yapi_teknik_ressamligi_s_1_mimari_yapi_teknik_ressami.pdf","https://raw.githubusercontent.com/atakummesem-web/ustalik_kalfalik_sinav_kriterleri/main/%C4%B0N%C5%9EAAT%20TEKNOLOJ%C4%B0S%C4%B0/KALFALIK/mimari_yapi_teknik_ressamligi_s_1_mimari_yapi_teknik_ressami.pdf","http://www.seninsiten.com/kriterler/%C4%B0N%C5%9EAAT%20TEKNOLOJ%C4%B0S%C4%B0/KALFALIK/mimari_yapi_teknik_ressamligi_s_1_mimari_yapi_teknik_ressami.pdf"
"statik_yapi_teknik_ressamligi_s_1_statik_yapi_teknik_ressami.pdf","https://raw.githubusercontent.com/atakummesem-web/ustalik_kalfalik_sinav_kriterleri/main/%C4%B0N%C5%9EAAT%20TEKNOLOJ%C4%B0S%C4%B0/KALFALIK/statik_yapi_teknik_ressamligi_s_1_statik_yapi_teknik_ressami.pdf","http://www.seninsiten.com/kriterler/%C4%B0N%C5%9EAAT%20TEKNOLOJ%C4%B0S%C4%B0/KALFALIK/statik_yapi_teknik_ressamligi_s_1_statik_yapi_teknik_ressami.pdf"
"yapi_dekorasyonu_s_1_insaat_boyacisi.pdf","https://raw.githubusercontent.com/atakummesem-web/ustalik_kalfalik_sinav_kriterleri/main/%C4%B0N%C5%9EAAT%20TEKNOLOJ%C4%B0S%C4%B0/KALFALIK/yapi_dekorasyonu_s_1_insaat_boyacisi.pdf","http://www.seninsiten.com/kriterler/%C4%B0N%C5%9EAAT%20TEKNOLOJ%C4%B0S%C4%B0/KALFALIK/yapi_dekorasyonu_s_1_insaat_boyacisi.pdf"
"yapi_dekorasyonu_s_2_alci_sivaci.pdf","https://raw.githubusercontent.com/atakummesem-web/ustalik_kalfalik_sinav_kriterleri/main/%C4%B0N%C5%9EAAT%20TEKNOLOJ%C4%B0S%C4%B0/KALFALIK/yapi_dekorasyonu_s_2_alci_sivaci.pdf","http://www.seninsiten.com/kriterler/%C4%B0N%C5%9EAAT%20TEKNOLOJ%C4%B0S%C4%B0/KALFALIK/yapi_dekorasyonu_s_2_alci_sivaci.pdf"
"yapi_dekorasyonu_s_3_alci_levha_kaplamaci.pdf","https://raw.githubusercontent.com/atakummesem-web/ustalik_kalfalik_sinav_kriterleri/main/%C4%B0N%C5%9EAAT%20TEKNOLOJ%C4%B0S%C4%B0/KALFALIK/yapi_dekorasyonu_s_3_alci_levha_kaplamaci.pdf","http://www.seninsiten.com/kriterler/%C4%B0N%C5%9EAAT%20TEKNOLOJ%C4%B0S%C4%B0/KALFALIK/yapi_dekorasyonu_s_3_alci_levha_kaplamaci.pdf"
"yapi_dekorasyonu_s_4_alci_kartonpiyerci.pdf","https://raw.githubusercontent.com/atakummesem-web/ustalik_kalfalik_sinav_kriterleri/main/%C4%B0N%C5%9EAAT%20TEKNOLOJ%C4%B0S%C4%B0/KALFALIK/yapi_dekorasyonu_s_4_alci_kartonpiyerci.pdf","http://www.seninsiten.com/kriterler/%C4%B0N%C5%9EAAT%20TEKNOLOJ%C4%B0S%C4%B0/KALFALIK/yapi_dekorasyonu_s_4_alci_kartonpiyerci.pdf"
"yapi_dekorasyonu_s_5_duvar_kagitci.pdf","https://raw.githubusercontent.com/atakummesem-web/ustalik_kalfalik_sinav_kriterleri/main/%C4%B0N%C5%9EAAT%20TEKNOLOJ%C4%B0S%C4%B0/KALFALIK/yapi_dekorasyonu_s_5_duvar_kagitci.pdf","http://www.seninsiten.com/kriterler/%C4%B0N%C5%9EAAT%20TEKNOLOJ%C4%B0S%C4%B0/KALFALIK/yapi_dekorasyonu_s_5_duvar_kagitci.pdf"
"yapi_dekorasyonu_s_6_somine_barbeku_imalatcisi.pdf","https://raw.githubusercontent.com/atakummesem-web/ustalik_kalfalik_sinav_kriterleri/main/%C4%B0N%C5%9EAAT%20TEKNOLOJ%C4%B0S%C4%B0/KALFALIK/yapi_dekorasyonu_s_6_somine_barbeku_imalatcisi.pdf","http://www.seninsiten.com/kriterler/%C4%B0N%C5%9EAAT%20TEKNOLOJ%C4%B0S%C4%B0/KALFALIK/yapi_dekorasyonu_s_6_somine_barbeku_imalatcisi.pdf"
"yapi_duvar_ve_siva_sistemleri_s_1_duvarci.pdf","https://raw.githubusercontent.com/atakummesem-web/ustalik_kalfalik_sinav_kriterleri/main/%C4%B0N%C5%9EAAT%20TEKNOLOJ%C4%B0S%C4%B0/KALFALIK/yapi_duvar_ve_siva_sistemleri_s_1_duvarci.pdf","http://www.seninsiten.com/kriterler/%C4%B0N%C5%9EAAT%20TEKNOLOJ%C4%B0S%C4%B0/KALFALIK/yapi_duvar_ve_siva_sistemleri_s_1_duvarci.pdf"
"yapi_duvar_ve_siva_sistemleri_s_2_tas_duvarci.pdf","https://raw.githubusercontent.com/atakummesem-web/ustalik_kalfalik_sinav_kriterleri/main/%C4%B0N%C5%9EAAT%20TEKNOLOJ%C4%B0S%C4%B0/KALFALIK/yapi_duvar_ve_siva_sistemleri_s_2_tas_duvarci.pdf","http://www.seninsiten.com/kriterler/%C4%B0N%C5%9EAAT%20TEKNOLOJ%C4%B0S%C4%B0/KALFALIK/yapi_duvar_ve_siva_sistemleri_s_2_tas_duvarci.pdf"
"yapi_duvar_ve_siva_sistemleri_s_3_sivaci_sapci.pdf","https://raw.githubusercontent.com/atakummesem-web/ustalik_kalfalik_sinav_kriterleri/main/%C4%B0N%C5%9EAAT%20TEKNOLOJ%C4%B0S%C4%B0/KALFALIK/yapi_duvar_ve_siva_sistemleri_s_3_sivaci_sapci.pdf","http://www.seninsiten.com/kriterler/%C4%B0N%C5%9EAAT%20TEKNOLOJ%C4%B0S%C4%B0/KALFALIK/yapi_duvar_ve_siva_sistemleri_s_3_sivaci_sapci.pdf"
"yapi_yalitimi_s_1_isi_yalitimcisi.pdf","https://raw.githubusercontent.com/atakummesem-web/ustalik_kalfalik_sinav_kriterleri/main/%C4%B0N%C5%9EAAT%20TEKNOLOJ%C4%B0S%C4%B0/KALFALIK/yapi_yalitimi_s_1_isi_yalitimcisi.pdf","http://www.seninsiten.com/kriterler/%C4%B0N%C5%9EAAT%20TEKNOLOJ%C4%B0S%C4%B0/KALFALIK/yapi_yalitimi_s_1_isi_yalitimcisi.pdf"
"yapi_yalitimi_s_2_su_yalitimcisi.pdf","https://raw.githubusercontent.com/atakummesem-web/ustalik_kalfalik_sinav_kriterleri/main/%C4%B0N%C5%9EAAT%20TEKNOLOJ%C4%B0S%C4%B0/KALFALIK/yapi_yalitimi_s_2_su_yalitimcisi.pdf","http://www.seninsiten.com/kriterler/%C4%B0N%C5%9EAAT%20TEKNOLOJ%C4%B0S%C4%B0/KALFALIK/yapi_yalitimi_s_2_su_yalitimcisi.pdf"
"yapi_yalitimi_s_3_ses_yalitimcisi.pdf","https://raw.githubusercontent.com/atakummesem-web/ustalik_kalfalik_sinav_kriterleri/main/%C4%B0N%C5%9EAAT%20TEKNOLOJ%C4%B0S%C4%B0/KALFALIK/yapi_yalitimi_s_3_ses_yalitimcisi.pdf","http://www.seninsiten.com/kriterler/%C4%B0N%C5%9EAAT%20TEKNOLOJ%C4%B0S%C4%B0/KALFALIK/yapi_yalitimi_s_3_ses_yalitimcisi.pdf"
"yapi_yalitimi_s_4_yangin_yalitimcisi.pdf","https://raw.githubusercontent.com/atakummesem-web/ustalik_kalfalik_sinav_kriterleri/main/%C4%B0N%C5%9EAAT%20TEKNOLOJ%C4%B0S%C4%B0/KALFALIK/yapi_yalitimi_s_4_yangin_yalitimcisi.pdf","http://www.seninsiten.com/kriterler/%C4%B0N%C5%9EAAT%20TEKNOLOJ%C4%B0S%C4%B0/KALFALIK/yapi_yalitimi_s_4_yangin_yalitimcisi.pdf"
"yapi_yuzey_kaplama_s_1_seramik_karo_kaplamaci.pdf","https://raw.githubusercontent.com/atakummesem-web/ustalik_kalfalik_sinav_kriterleri/main/%C4%B0N%C5%9EAAT%20TEKNOLOJ%C4%B0S%C4%B0/KALFALIK/yapi_yuzey_kaplama_s_1_seramik_karo_kaplamaci.pdf","http://www.seninsiten.com/kriterler/%C4%B0N%C5%9EAAT%20TEKNOLOJ%C4%B0S%C4%B0/KALFALIK/yapi_yuzey_kaplama_s_1_seramik_karo_kaplamaci.pdf"
"yapi_yuzey_kaplama_s_2_dogal_yapay_tas_kaplamaci.pdf","https://raw.githubusercontent.com/atakummesem-web/ustalik_kalfalik_sinav_kriterleri/main/%C4%B0N%C5%9EAAT%20TEKNOLOJ%C4%B0S%C4%B0/KALFALIK/yapi_yuzey_kaplama_s_2_dogal_yapay_tas_kaplamaci.pdf","http://www.seninsiten.com/kriterler/%C4%B0N%C5%9EAAT%20TEKNOLOJ%C4%B0S%C4%B0/KALFALIK/yapi_yuzey_kaplama_s_2_dogal_yapay_tas_kaplamaci.pdf"
"yapi_yuzey_kaplama_s_3_parke_tasi_bordur_kaplamaci.pdf","https://raw.githubusercontent.com/atakummesem-web/ustalik_kalfalik_sinav_kriterleri/main/%C4%B0N%C5%9EAAT%20TEKNOLOJ%C4%B0S%C4%B0/KALFALIK/yapi_yuzey_kaplama_s_3_parke_tasi_bordur_kaplamaci.pdf","http://www.seninsiten.com/kriterler/%C4%B0N%C5%9EAAT%20TEKNOLOJ%C4%B0S%C4%B0/KALFALIK/yapi_yuzey_kaplama_s_3_parke_tasi_bordur_kaplamaci.pdf"
"ahsap_yapi_sistemleri_s_1_ahsap_yapi_imalatcisi.pdf","https://raw.githubusercontent.com/atakummesem-web/ustalik_kalfalik_sinav_kriterleri/main/%C4%B0N%C5%9EAAT%20TEKNOLOJ%C4%B0S%C4%B0/USTALIK/ahsap_yapi_sistemleri_s_1_ahsap_yapi_imalatcisi.pdf","http://www.seninsiten.com/kriterler/%C4%B0N%C5%9EAAT%20TEKNOLOJ%C4%B0S%C4%B0/USTALIK/ahsap_yapi_sistemleri_s_1_ahsap_yapi_imalatcisi.pdf"
"ahsap_yapi_sistemleri_s_2_ahsap_dograma_imalatcisi.pdf","https://raw.githubusercontent.com/atakummesem-web/ustalik_kalfalik_sinav_kriterleri/main/%C4%B0N%C5%9EAAT%20TEKNOLOJ%C4%B0S%C4%B0/USTALIK/ahsap_yapi_sistemleri_s_2_ahsap_dograma_imalatcisi.pdf","http://www.seninsiten.com/kriterler/%C4%B0N%C5%9EAAT%20TEKNOLOJ%C4%B0S%C4%B0/USTALIK/ahsap_yapi_sistemleri_s_2_ahsap_dograma_imalatcisi.pdf"
"ahsap_yapi_sistemleri_s_3_ahsap_yer_dosemecisi.pdf","https://raw.githubusercontent.com/atakummesem-web/ustalik_kalfalik_sinav_kriterleri/main/%C4%B0N%C5%9EAAT%20TEKNOLOJ%C4%B0S%C4%B0/USTALIK/ahsap_yapi_sistemleri_s_3_ahsap_yer_dosemecisi.pdf","http://www.seninsiten.com/kriterler/%C4%B0N%C5%9EAAT%20TEKNOLOJ%C4%B0S%C4%B0/USTALIK/ahsap_yapi_sistemleri_s_3_ahsap_yer_dosemecisi.pdf"
"betonarme_kalip_ve_donati_sistemleri_s_1_betonarme_demircisi.pdf","https://raw.githubusercontent.com/atakummesem-web/ustalik_kalfalik_sinav_kriterleri/main/%C4%B0N%C5%9EAAT%20TEKNOLOJ%C4%B0S%C4%B0/USTALIK/betonarme_kalip_ve_donati_sistemleri_s_1_betonarme_demircisi.pdf","http://www.seninsiten.com/kriterler/%C4%B0N%C5%9EAAT%20TEKNOLOJ%C4%B0S%C4%B0/USTALIK/betonarme_kalip_ve_donati_sistemleri_s_1_betonarme_demircisi.pdf"
"betonarme_kalip_ve_donati_sistemleri_s_2_betonarme_kalipcisi.pdf","https://raw.githubusercontent.com/atakummesem-web/ustalik_kalfalik_sinav_kriterleri/main/%C4%B0N%C5%9EAAT%20TEKNOLOJ%C4%B0S%C4%B0/USTALIK/betonarme_kalip_ve_donati_sistemleri_s_2_betonarme_kalipcisi.pdf","http://www.seninsiten.com/kriterler/%C4%B0N%C5%9EAAT%20TEKNOLOJ%C4%B0S%C4%B0/USTALIK/betonarme_kalip_ve_donati_sistemleri_s_2_betonarme_kalipcisi.pdf"
"betonarme_kalip_ve_donati_sistemleri_s_3_betoncu.pdf","https://raw.githubusercontent.com/atakummesem-web/ustalik_kalfalik_sinav_kriterleri/main/%C4%B0N%C5%9EAAT%20TEKNOLOJ%C4%B0S%C4%B0/USTALIK/betonarme_kalip_ve_donati_sistemleri_s_3_betoncu.pdf","http://www.seninsiten.com/kriterler/%C4%B0N%C5%9EAAT%20TEKNOLOJ%C4%B0S%C4%B0/USTALIK/betonarme_kalip_ve_donati_sistemleri_s_3_betoncu.pdf"
"beton_cimento_ve_zemin_teknolojisi_s_1_yapi_lab_teknik_elemani.pdf","https://raw.githubusercontent.com/atakummesem-web/ustalik_kalfalik_sinav_kriterleri/main/%C4%B0N%C5%9EAAT%20TEKNOLOJ%C4%B0S%C4%B0/USTALIK/beton_cimento_ve_zemin_teknolojisi_s_1_yapi_lab_teknik_elemani.pdf","http://www.seninsiten.com/kriterler/%C4%B0N%C5%9EAAT%20TEKNOLOJ%C4%B0S%C4%B0/USTALIK/beton_cimento_ve_zemin_teknolojisi_s_1_yapi_lab_teknik_elemani.pdf"
"cati_sistemleri_s_1_ahsap_cati_imalatcisi.pdf","https://raw.githubusercontent.com/atakummesem-web/ustalik_kalfalik_sinav_kriterleri/main/%C4%B0N%C5%9EAAT%20TEKNOLOJ%C4%B0S%C4%B0/USTALIK/cati_sistemleri_s_1_ahsap_cati_imalatcisi.pdf","http://www.seninsiten.com/kriterler/%C4%B0N%C5%9EAAT%20TEKNOLOJ%C4%B0S%C4%B0/USTALIK/cati_sistemleri_s_1_ahsap_cati_imalatcisi.pdf"
"cati_sistemleri_s_2_cati_kaplamaci.pdf","https://raw.githubusercontent.com/atakummesem-web/ustalik_kalfalik_sinav_kriterleri/main/%C4%B0N%C5%9EAAT%20TEKNOLOJ%C4%B0S%C4%B0/USTALIK/cati_sistemleri_s_2_cati_kaplamaci.pdf","http://www.seninsiten.com/kriterler/%C4%B0N%C5%9EAAT%20TEKNOLOJ%C4%B0S%C4%B0/USTALIK/cati_sistemleri_s_2_cati_kaplamaci.pdf"
"cati_sistemleri_s_3_cati_oluk_ve_yagmur_inis_borusu_montajcisi.pdf","https://raw.githubusercontent.com/atakummesem-web/ustalik_kalfalik_sinav_kriterleri/main/%C4%B0N%C5%9EAAT%20TEKNOLOJ%C4%B0S%C4%B0/USTALIK/cati_sistemleri_s_3_cati_oluk_ve_yagmur_inis_borusu_montajcisi.pdf","http://www.seninsiten.com/kriterler/%C4%B0N%C5%9EAAT%20TEKNOLOJ%C4%B0S%C4%B0/USTALIK/cati_sistemleri_s_3_cati_oluk_ve_yagmur_inis_borusu_montajcisi.pdf"
"celik_yapi_teknik_ressamligi_s_1_celik_yapi_teknik_ressami.pdf","https://raw.githubusercontent.com/atakummesem-web/ustalik_kalfalik_sinav_kriterleri/main/%C4%B0N%C5%9EAAT%20TEKNOLOJ%C4%B0S%C4%B0/USTALIK/celik_yapi_teknik_ressamligi_s_1_celik_yapi_teknik_ressami.pdf","http://www.seninsiten.com/kriterler/%C4%B0N%C5%9EAAT%20TEKNOLOJ%C4%B0S%C4%B0/USTALIK/celik_yapi_teknik_ressamligi_s_1_celik_yapi_teknik_ressami.pdf"
"cephe_sistemleri_ve_pvc_dograma_s_1_cephe_giydirme_montajcisi.pdf","https://raw.githubusercontent.com/atakummesem-web/ustalik_kalfalik_sinav_kriterleri/main/%C4%B0N%C5%9EAAT%20TEKNOLOJ%C4%B0S%C4%B0/USTALIK/cephe_sistemleri_ve_pvc_dograma_s_1_cephe_giydirme_montajcisi.pdf","http://www.seninsiten.com/kriterler/%C4%B0N%C5%9EAAT%20TEKNOLOJ%C4%B0S%C4%B0/USTALIK/cephe_sistemleri_ve_pvc_dograma_s_1_cephe_giydirme_montajcisi.pdf"
"cephe_sistemleri_ve_pvc_dograma_s_2_pvc_dograma_imalat_ve_montajcisi.pdf","https://raw.githubusercontent.com/atakummesem-web/ustalik_kalfalik_sinav_kriterleri/main/%C4%B0N%C5%9EAAT%20TEKNOLOJ%C4%B0S%C4%B0/USTALIK/cephe_sistemleri_ve_pvc_dograma_s_2_pvc_dograma_imalat_ve_montajcisi.pdf","http://www.seninsiten.com/kriterler/%C4%B0N%C5%9EAAT%20TEKNOLOJ%C4%B0S%C4%B0/USTALIK/cephe_sistemleri_ve_pvc_dograma_s_2_pvc_dograma_imalat_ve_montajcisi.pdf"
"ic_mekan_teknik_ressamligi_s_1_ic_mekan_teknik_ressami.pdf","https://raw.githubusercontent.com/atakummesem-web/ustalik_kalfalik_sinav_kriterleri/main/%C4%B0N%C5%9EAAT%20TEKNOLOJ%C4%B0S%C4%B0/USTALIK/ic_mekan_teknik_ressamligi_s_1_ic_mekan_teknik_ressami.pdf","http://www.seninsiten.com/kriterler/%C4%B0N%C5%9EAAT%20TEKNOLOJ%C4%B0S%C4%B0/USTALIK/ic_mekan_teknik_ressamligi_s_1_ic_mekan_teknik_ressami.pdf"
"mimari_restorasyon_s_1_yapi_restorasyoncusu.pdf","https://raw.githubusercontent.com/atakummesem-web/ustalik_kalfalik_sinav_kriterleri/main/%C4%B0N%C5%9EAAT%20TEKNOLOJ%C4%B0S%C4%B0/USTALIK/mimari_restorasyon_s_1_yapi_restorasyoncusu.pdf","http://www.seninsiten.com/kriterler/%C4%B0N%C5%9EAAT%20TEKNOLOJ%C4%B0S%C4%B0/USTALIK/mimari_restorasyon_s_1_yapi_restorasyoncusu.pdf"
"mimari_yapi_teknik_ressamligi_s_1_mimari_yapi_teknik_ressami.pdf","https://raw.githubusercontent.com/atakummesem-web/ustalik_kalfalik_sinav_kriterleri/main/%C4%B0N%C5%9EAAT%20TEKNOLOJ%C4%B0S%C4%B0/USTALIK/mimari_yapi_teknik_ressamligi_s_1_mimari_yapi_teknik_ressami.pdf","http://www.seninsiten.com/kriterler/%C4%B0N%C5%9EAAT%20TEKNOLOJ%C4%B0S%C4%B0/USTALIK/mimari_yapi_teknik_ressamligi_s_1_mimari_yapi_teknik_ressami.pdf"
"statik_yapi_teknik_ressamligi_s_1_statik_yapi_teknik_ressami.pdf","https://raw.githubusercontent.com/atakummesem-web/ustalik_kalfalik_sinav_kriterleri/main/%C4%B0N%C5%9EAAT%20TEKNOLOJ%C4%B0S%C4%B0/USTALIK/statik_yapi_teknik_ressamligi_s_1_statik_yapi_teknik_ressami.pdf","http://www.seninsiten.com/kriterler/%C4%B0N%C5%9EAAT%20TEKNOLOJ%C4%B0S%C4%B0/USTALIK/statik_yapi_teknik_ressamligi_s_1_statik_yapi_teknik_ressami.pdf"
"yapi_dekorasyonu_s_1_insaat_boyacisi.pdf","https://raw.githubusercontent.com/atakummesem-web/ustalik_kalfalik_sinav_kriterleri/main/%C4%B0N%C5%9EAAT%20TEKNOLOJ%C4%B0S%C4%B0/USTALIK/yapi_dekorasyonu_s_1_insaat_boyacisi.pdf","http://www.seninsiten.com/kriterler/%C4%B0N%C5%9EAAT%20TEKNOLOJ%C4%B0S%C4%B0/USTALIK/yapi_dekorasyonu_s_1_insaat_boyacisi.pdf"
"yapi_dekorasyonu_s_2_alci_sivaci.pdf","https://raw.githubusercontent.com/atakummesem-web/ustalik_kalfalik_sinav_kriterleri/main/%C4%B0N%C5%9EAAT%20TEKNOLOJ%C4%B0S%C4%B0/USTALIK/yapi_dekorasyonu_s_2_alci_sivaci.pdf","http://www.seninsiten.com/kriterler/%C4%B0N%C5%9EAAT%20TEKNOLOJ%C4%B0S%C4%B0/USTALIK/yapi_dekorasyonu_s_2_alci_sivaci.pdf"
"yapi_dekorasyonu_s_3_alci_levha_kaplamaci.pdf","https://raw.githubusercontent.com/atakummesem-web/ustalik_kalfalik_sinav_kriterleri/main/%C4%B0N%C5%9EAAT%20TEKNOLOJ%C4%B0S%C4%B0/USTALIK/yapi_dekorasyonu_s_3_alci_levha_kaplamaci.pdf","http://www.seninsiten.com/kriterler/%C4%B0N%C5%9EAAT%20TEKNOLOJ%C4%B0S%C4%B0/USTALIK/yapi_dekorasyonu_s_3_alci_levha_kaplamaci.pdf"
"yapi_dekorasyonu_s_4_alci_kartonpiyerci.pdf","https://raw.githubusercontent.com/atakummesem-web/ustalik_kalfalik_sinav_kriterleri/main/%C4%B0N%C5%9EAAT%20TEKNOLOJ%C4%B0S%C4%B0/USTALIK/yapi_dekorasyonu_s_4_alci_kartonpiyerci.pdf","http://www.seninsiten.com/kriterler/%C4%B0N%C5%9EAAT%20TEKNOLOJ%C4%B0S%C4%B0/USTALIK/yapi_dekorasyonu_s_4_alci_kartonpiyerci.pdf"
"yapi_dekorasyonu_s_5_duvar_kagitci.pdf","https://raw.githubusercontent.com/atakummesem-web/ustalik_kalfalik_sinav_kriterleri/main/%C4%B0N%C5%9EAAT%20TEKNOLOJ%C4%B0S%C4%B0/USTALIK/yapi_dekorasyonu_s_5_duvar_kagitci.pdf","http://www.seninsiten.com/kriterler/%C4%B0N%C5%9EAAT%20TEKNOLOJ%C4%B0S%C4%B0/USTALIK/yapi_dekorasyonu_s_5_duvar_kagitci.pdf"
"yapi_dekorasyonu_s_6_somine_barbeku_imalatcisi.pdf","https://raw.githubusercontent.com/atakummesem-web/ustalik_kalfalik_sinav_kriterleri/main/%C4%B0N%C5%9EAAT%20TEKNOLOJ%C4%B0S%C4%B0/USTALIK/yapi_dekorasyonu_s_6_somine_barbeku_imalatcisi.pdf","http://www.seninsiten.com/kriterler/%C4%B0N%C5%9EAAT%20TEKNOLOJ%C4%B0S%C4%B0/USTALIK/yapi_dekorasyonu_s_6_somine_barbeku_imalatcisi.pdf"
"yapi_duvar_ve_siva_sistemleri_s_1_duvarci.pdf","https://raw.githubusercontent.com/atakummesem-web/ustalik_kalfalik_sinav_kriterleri/main/%C4%B0N%C5%9EAAT%20TEKNOLOJ%C4%B0S%C4%B0/USTALIK/yapi_duvar_ve_siva_sistemleri_s_1_duvarci.pdf","http://www.seninsiten.com/kriterler/%C4%B0N%C5%9EAAT%20TEKNOLOJ%C4%B0S%C4%B0/USTALIK/yapi_duvar_ve_siva_sistemleri_s_1_duvarci.pdf"
"yapi_duvar_ve_siva_sistemleri_s_2_tas_duvarci.pdf","https://raw.githubusercontent.com/atakummesem-web/ustalik_kalfalik_sinav_kriterleri/main/%C4%B0N%C5%9EAAT%20TEKNOLOJ%C4%B0S%C4%B0/USTALIK/yapi_duvar_ve_siva_sistemleri_s_2_tas_duvarci.pdf","http://www.seninsiten.com/kriterler/%C4%B0N%C5%9EAAT%20TEKNOLOJ%C4%B0S%C4%B0/USTALIK/yapi_duvar_ve_siva_sistemleri_s_2_tas_duvarci.pdf"
"yapi_duvar_ve_siva_sistemleri_s_3_sivaci_sapci.pdf","https://raw.githubusercontent.com/atakummesem-web/ustalik_kalfalik_sinav_kriterleri/main/%C4%B0N%C5%9EAAT%20TEKNOLOJ%C4%B0S%C4%B0/USTALIK/yapi_duvar_ve_siva_sistemleri_s_3_sivaci_sapci.pdf","http://www.seninsiten.com/kriterler/%C4%B0N%C5%9EAAT%20TEKNOLOJ%C4%B0S%C4%B0/USTALIK/yapi_duvar_ve_siva_sistemleri_s_3_sivaci_sapci.pdf"
"yapi_yalitimi_s_1_isi_yaliimcisi.pdf","https://raw.githubusercontent.com/atakummesem-web/ustalik_kalfalik_sinav_kriterleri/main/%C4%B0N%C5%9EAAT%20TEKNOLOJ%C4%B0S%C4%B0/USTALIK/yapi_yalitimi_s_1_isi_yaliimcisi.pdf","http://www.seninsiten.com/kriterler/%C4%B0N%C5%9EAAT%20TEKNOLOJ%C4%B0S%C4%B0/USTALIK/yapi_yalitimi_s_1_isi_yaliimcisi.pdf"
"yapi_yalitimi_s_2_su_yalitimcisi.pdf","https://raw.githubusercontent.com/atakummesem-web/ustalik_kalfalik_sinav_kriterleri/main/%C4%B0N%C5%9EAAT%20TEKNOLOJ%C4%B0S%C4%B0/USTALIK/yapi_yalitimi_s_2_su_yalitimcisi.pdf","http://www.seninsiten.com/kriterler/%C4%B0N%C5%9EAAT%20TEKNOLOJ%C4%B0S%C4%B0/USTALIK/yapi_yalitimi_s_2_su_yalitimcisi.pdf"
"yapi_yalitimi_s_3_ses_yalitimcisi.pdf","https://raw.githubusercontent.com/atakummesem-web/ustalik_kalfalik_sinav_kriterleri/main/%C4%B0N%C5%9EAAT%20TEKNOLOJ%C4%B0S%C4%B0/USTALIK/yapi_yalitimi_s_3_ses_yalitimcisi.pdf","http://www.seninsiten.com/kriterler/%C4%B0N%C5%9EAAT%20TEKNOLOJ%C4%B0S%C4%B0/USTALIK/yapi_yalitimi_s_3_ses_yalitimcisi.pdf"
"yapi_yalitimi_s_4_yangin_yalitimcisi.pdf","https://raw.githubusercontent.com/atakummesem-web/ustalik_kalfalik_sinav_kriterleri/main/%C4%B0N%C5%9EAAT%20TEKNOLOJ%C4%B0S%C4%B0/USTALIK/yapi_yalitimi_s_4_yangin_yalitimcisi.pdf","http://www.seninsiten.com/kriterler/%C4%B0N%C5%9EAAT%20TEKNOLOJ%C4%B0S%C4%B0/USTALIK/yapi_yalitimi_s_4_yangin_yalitimcisi.pdf"
"yapi_yuzey_kaplama_s_1_seramik_karo_kaplamaci.pdf","https://raw.githubusercontent.com/atakummesem-web/ustalik_kalfalik_sinav_kriterleri/main/%C4%B0N%C5%9EAAT%20TEKNOLOJ%C4%B0S%C4%B0/USTALIK/yapi_yuzey_kaplama_s_1_seramik_karo_kaplamaci.pdf","http://www.seninsiten.com/kriterler/%C4%B0N%C5%9EAAT%20TEKNOLOJ%C4%B0S%C4%B0/USTALIK/yapi_yuzey_kaplama_s_1_seramik_karo_kaplamaci.pdf"
"yapi_yuzey_kaplama_s_2_dogal_yapay_tas_kaplamaci.pdf","https://raw.githubusercontent.com/atakummesem-web/ustalik_kalfalik_sinav_kriterleri/main/%C4%B0N%C5%9EAAT%20TEKNOLOJ%C4%B0S%C4%B0/USTALIK/yapi_yuzey_kaplama_s_2_dogal_yapay_tas_kaplamaci.pdf","http://www.seninsiten.com/kriterler/%C4%B0N%C5%9EAAT%20TEKNOLOJ%C4%B0S%C4%B0/USTALIK/yapi_yuzey_kaplama_s_2_dogal_yapay_tas_kaplamaci.pdf"
"yapi_yuzey_kaplama_s_3_parke_tasi_bordur_kaplamaci.pdf","https://raw.githubusercontent.com/atakummesem-web/ustalik_kalfalik_sinav_kriterleri/main/%C4%B0N%C5%9EAAT%20TEKNOLOJ%C4%B0S%C4%B0/USTALIK/yapi_yuzey_kaplama_s_3_parke_tasi_bordur_kaplamaci.pdf","http://www.seninsiten.com/kriterler/%C4%B0N%C5%9EAAT%20TEKNOLOJ%C4%B0S%C4%B0/USTALIK/yapi_yuzey_kaplama_s_3_parke_tasi_bordur_kaplamaci.pdf"
